﻿<?xml version="1.0" encoding="utf-8"?>
<deployment>
  <id>6401b490-2495-4746-aa82-27fb60bd38d2</id>
  <author>N/A</author>
  <deployer>OneDeploy</deployer>
  <authorEmail>N/A</authorEmail>
  <message>OneDeploy</message>
  <progress></progress>
  <status>Failed</status>
  <statusText>Deployment has been stopped due to SCM container restart. The restart can happen due to a management operation on site. Do not perform a management operation and a deployment operation in quick succession. Adding a small delay can help avoid any conflicts.</statusText>
  <lastSuccessEndTime />
  <receivedTime>2025-12-10T10:12:11.4090817Z</receivedTime>
  <startTime>2025-12-10T10:12:13.2948065Z</startTime>
  <endTime>2025-12-10T10:17:08.9243844Z</endTime>
  <complete>True</complete>
  <is_temp>False</is_temp>
  <is_readonly>True</is_readonly>
  <buildSummary />
</deployment>