﻿<?xml version="1.0" encoding="utf-8"?>
<deployment>
  <id>81f3567d-5da9-4b8d-ae93-7b52d572bf18</id>
  <author>N/A</author>
  <deployer>OneDeploy</deployer>
  <authorEmail>N/A</authorEmail>
  <message>OneDeploy</message>
  <progress></progress>
  <status>Success</status>
  <statusText></statusText>
  <lastSuccessEndTime>2025-12-10T07:26:09.9844916Z</lastSuccessEndTime>
  <receivedTime>2025-12-10T07:26:06.652819Z</receivedTime>
  <startTime>2025-12-10T07:26:08.1050195Z</startTime>
  <endTime>2025-12-10T07:26:09.9844916Z</endTime>
  <complete>True</complete>
  <is_temp>False</is_temp>
  <is_readonly>True</is_readonly>
  <buildSummary />
</deployment>