﻿<?xml version="1.0" encoding="utf-8"?>
<deployment>
  <id>0e6835be-4ba0-4309-ad81-56a5d4343a90</id>
  <author>N/A</author>
  <deployer>Push-Deployer</deployer>
  <authorEmail>N/A</authorEmail>
  <message>Created via a push deployment</message>
  <progress></progress>
  <status>Success</status>
  <statusText></statusText>
  <lastSuccessEndTime>2025-12-10T08:25:05.8659769Z</lastSuccessEndTime>
  <receivedTime>2025-12-10T08:24:58.5637403Z</receivedTime>
  <startTime>2025-12-10T08:25:00.6744569Z</startTime>
  <endTime>2025-12-10T08:25:05.8659769Z</endTime>
  <complete>True</complete>
  <is_temp>False</is_temp>
  <is_readonly>True</is_readonly>
  <buildSummary />
</deployment>