﻿<?xml version="1.0" encoding="utf-8"?>
<deployment>
  <id>c95ff858-043a-403c-81c5-5a992cddeff7</id>
  <author>N/A</author>
  <deployer>OneDeploy</deployer>
  <authorEmail>N/A</authorEmail>
  <message>OneDeploy</message>
  <progress></progress>
  <status>Success</status>
  <statusText></statusText>
  <lastSuccessEndTime>2025-12-10T08:01:21.2134718Z</lastSuccessEndTime>
  <receivedTime>2025-12-10T08:01:14.8429078Z</receivedTime>
  <startTime>2025-12-10T08:01:16.9214238Z</startTime>
  <endTime>2025-12-10T08:01:21.2134718Z</endTime>
  <complete>True</complete>
  <is_temp>False</is_temp>
  <is_readonly>True</is_readonly>
  <buildSummary />
</deployment>