﻿<?xml version="1.0" encoding="utf-8"?>
<deployment>
  <id>b87d5617-3758-40c8-bee9-5aa5e97aa206</id>
  <author>N/A</author>
  <deployer>OneDeploy</deployer>
  <authorEmail>N/A</authorEmail>
  <message>OneDeploy</message>
  <progress></progress>
  <status>Failed</status>
  <statusText>Deployment has been stopped due to SCM container restart. The restart can happen due to a management operation on site. Do not perform a management operation and a deployment operation in quick succession. Adding a small delay can help avoid any conflicts.</statusText>
  <lastSuccessEndTime />
  <receivedTime>2025-12-10T09:14:41.4217782Z</receivedTime>
  <startTime>2025-12-10T09:14:43.5476997Z</startTime>
  <endTime>2025-12-10T09:18:10.0099626Z</endTime>
  <complete>True</complete>
  <is_temp>False</is_temp>
  <is_readonly>True</is_readonly>
  <buildSummary />
</deployment>