<step title="Incoming Request" date="2025-12-10T10:17:13.165" instance="220123" url="/api/zipdeploy?isAsync=true" method="POST" type="request" pid="833,1,5" Accept="*/*" Host="lims-preview-360.scm.azurewebsites.net" User-Agent="AZURECLI/2.80.0 (MSI)" Accept-Encoding="gzip, deflate" Authorization="Bea..." Cache-Control="no-cache" Content-Type="application/octet-stream" Content-Length="6519937" x-ms-client-request-id="24d39583-d5b1-11f0-96d0-f4a80dcb9cc7" x-ms-artifact-checksum="ed283e0372af86017cb166da3a77e56911a81ec675772c9e192c9ca5bec19627" X-ARR-LOG-ID="24d39583-d5b1-11f0-96d0-f4a80dcb9cc7" CLIENT-IP="197.231.173.251:64223" X-SITE-DEPLOYMENT-ID="lims-preview-360" WAS-DEFAULT-HOSTNAME="lims-preview-360.scm.azurewebsites.net" X-Forwarded-Proto="https" X-AppService-Proto="https" X-Forwarded-TlsVersion="1.3" X-WAWS-Unencoded-URL="/api/zipdeploy?isAsync=true" X-Client-IP="197.231.173.251" X-Client-Port="64223" >
  <step title="ZipPushDeploy" date="2025-12-10T10:17:15.669" >
    <step title="ZipDeploy. Extract zip. Remote build." date="2025-12-10T10:17:15.739" /><!-- duration: 21ms -->
    <step title="None repository commit" date="2025-12-10T10:17:15.809" >
      <step title="Commit id: b156b031-3bf5-414e-b257-372dcdd63d52" date="2025-12-10T10:17:15.847" Message="N/A" AuthorName="N/A" AuthorEmail="N/A" /><!-- duration: 12ms -->
    </step><!-- duration: 71ms -->
    <step title="Starting PushDeployAsync" date="2025-12-10T10:17:15.898" /><!-- duration: 19ms -->
    <step title="Writing artifact to /tmp/zipdeploy/bfdb0f8e-c11d-441e-87c7-2444206c8923.zip" date="2025-12-10T10:17:15.991" >
      <step title="Writing multipart request body to /tmp/zipdeploy/bfdb0f8e-c11d-441e-87c7-2444206c8923.zip" date="2025-12-10T10:17:16.019" /><!-- duration: 12ms -->
    </step><!-- duration: 416ms -->
    <step title="Run-From-Zip is set to a remote URL using WEBSITE_RUN_FROM_PACKAGE or WEBSITE_USE_ZIP app setting. Deployment is not supported in this configuration." date="2025-12-10T10:17:16.425" /><!-- duration: 9ms -->
  </step><!-- duration: 773ms -->
  <step title="Outgoing response" date="2025-12-10T10:17:16.467" type="response" statusCode="409" statusText="Conflict" /><!-- duration: 11ms -->
</step><!-- duration: 3337ms -->
