<step title="Incoming Request" date="2025-12-10T10:11:59.735" instance="220123" url="/api/publish?type=zip&amp;clean=True" method="POST" type="request" pid="831,1,7" Accept="*/*" Host="lims-preview-360.scm.azurewebsites.net" User-Agent="AZURECLI/2.80.0 (MSI)" Accept-Encoding="gzip, deflate" Authorization="Bea..." Cache-Control="no-cache" Content-Type="application/octet-stream" Cookie="ARRAffinity=220123e6e205079d6596b96940a643fd9ef5ed2296fb26a26a4eac0875cf97c5; ARRAffinitySameSite=220123e6e205079d6596b96940a643fd9ef5ed2296fb26a26a4eac0875cf97c5" Content-Length="6519937" x-ms-client-request-id="a344b785-d5b0-11f0-9ce1-f4a80dcb9cc7" x-ms-artifact-checksum="ed283e0372af86017cb166da3a77e56911a81ec675772c9e192c9ca5bec19627" X-ARR-LOG-ID="a344b785-d5b0-11f0-9ce1-f4a80dcb9cc7" CLIENT-IP="197.231.173.251:61351" X-SITE-DEPLOYMENT-ID="lims-preview-360" WAS-DEFAULT-HOSTNAME="lims-preview-360.scm.azurewebsites.net" X-Forwarded-Proto="https" X-AppService-Proto="https" X-Forwarded-TlsVersion="1.3" X-WAWS-Unencoded-URL="/api/publish?type=zip&amp;clean=True" X-Client-IP="197.231.173.251" X-Client-Port="61351" >
  <step title="OneDeploy" date="2025-12-10T10:11:59.804" >
    <step title="None repository commit" date="2025-12-10T10:11:59.826" >
      <step title="Commit id: 6401b490-2495-4746-aa82-27fb60bd38d2" date="2025-12-10T10:11:59.835" Message="N/A" AuthorName="N/A" AuthorEmail="N/A" /><!-- duration: 10ms -->
    </step><!-- duration: 37ms -->
    <step title="Starting PushDeployAsync" date="2025-12-10T10:11:59.876" /><!-- duration: 16ms -->
    <step title="Writing artifact to /tmp/zipdeploy/02064d06-8f6e-455c-9f43-388d808a556f.zip" date="2025-12-10T10:11:59.935" >
      <step title="Writing multipart request body to /tmp/zipdeploy/02064d06-8f6e-455c-9f43-388d808a556f.zip" date="2025-12-10T10:11:59.943" /><!-- duration: 13ms -->
    </step><!-- duration: 2256ms -->
    <step title="Attempting to fetch target branch HEAD" date="2025-12-10T10:12:02.310" /><!-- duration: 21ms -->
    <step title="Acquiring Deployment Lock" date="2025-12-10T10:12:02.351" /><!-- duration: 19ms -->
    <step title="Acquired Deployment Lock" date="2025-12-10T10:12:02.555" /><!-- duration: 27ms -->
    <step title="Performing fetch based deployment" date="2025-12-10T10:12:02.612" >
      <step title="Creating temporary deployment" date="2025-12-10T10:12:02.634" /><!-- duration: 230ms -->
      <step title="Releasing Deployment Lock" date="2025-12-10T10:12:04.381" /><!-- duration: 48ms -->
      <step title="Cleaning up temp folders from previous zip deployments and extracting pushed zip file /tmp/zipdeploy/02064d06-8f6e-455c-9f43-388d808a556f.zip (6.22 MB) to /tmp/zipdeploy/extracted" date="2025-12-10T10:12:04.599" >
        <step title="ChmodRecursive Process exited with total time taken in ms: 369" date="2025-12-10T10:12:08.936" /><!-- duration: 21ms -->
      </step><!-- duration: 4378ms -->
      <step title="None repository commit" date="2025-12-10T10:12:09.019" >
        <step title="Commit id: 6401b490-2495-4746-aa82-27fb60bd38d2" date="2025-12-10T10:12:09.035" Message="OneDeploy" AuthorName="N/A" AuthorEmail="N/A" /><!-- duration: 13ms -->
      </step><!-- duration: 56ms -->
      <step title="Deployment timer started" date="2025-12-10T10:12:11.146" >
        <step title="DeploymentManager.Deploy(id:6401b490-2495-4746-aa82-27fb60bd38d2)" date="2025-12-10T10:12:11.206" >
          <step title="Collecting changeset information" date="2025-12-10T10:12:11.317" /><!-- duration: 251ms -->
          <step title="Updating submodules" date="2025-12-10T10:12:11.580" /><!-- duration: 1293ms -->
          <step title="Determining deployment builder" date="2025-12-10T10:12:13.485" >
            <step title="Builder is OneDeployBuilder" date="2025-12-10T10:12:13.539" /><!-- duration: 16ms -->
          </step><!-- duration: 90ms -->
          <step title="PreDeployment: context.CleanOutputPath False" date="2025-12-10T10:12:13.760" >
            <step title="PreDeployment: context.OutputPath /home/site/wwwroot" date="2025-12-10T10:12:14.210" >
              <step title="Building" date="2025-12-10T10:12:14.660" >
                <step title="Executing external process" date="2025-12-10T10:12:17.009" type="process" path="starter.sh" arguments="/opt/Kudu/Scripts/parallel_rsync.sh /tmp/zipdeploy/extracted /home/site/wwwroot 8 /tmp/ True False  " 