<step title="Incoming Request" date="2025-12-10T10:37:55.948" instance="220123" url="/api/zipdeploy?isAsync=true" method="POST" type="request" pid="838,1,7" Accept="*/*" Host="lims-preview-360.scm.azurewebsites.net" User-Agent="AZURECLI/2.80.0 (MSI)" Accept-Encoding="gzip, deflate" Authorization="Bea..." Cache-Control="no-cache" Content-Type="application/octet-stream" Content-Length="838139239" x-ms-client-request-id="2b19146c-d5b4-11f0-8073-f4a80dcb9cc7" x-ms-artifact-checksum="9a16befad388cdf5537563575f2bfe230e18562456f276cf125727141209a087" X-ARR-LOG-ID="2b19146c-d5b4-11f0-8073-f4a80dcb9cc7" CLIENT-IP="197.231.173.251:54535" X-SITE-DEPLOYMENT-ID="lims-preview-360" WAS-DEFAULT-HOSTNAME="lims-preview-360.scm.azurewebsites.net" X-Forwarded-Proto="https" X-AppService-Proto="https" X-Forwarded-TlsVersion="1.3" X-WAWS-Unencoded-URL="/api/zipdeploy?isAsync=true" X-Client-IP="197.231.173.251" X-Client-Port="54535" >
  <step title="ZipPushDeploy" date="2025-12-10T10:38:05.807" >
    <step title="ZipDeploy. Extract zip. Remote build." date="2025-12-10T10:38:05.904" /><!-- duration: 30ms -->
    <step title="None repository commit" date="2025-12-10T10:38:06.043" >
      <step title="Commit id: 1280ef6c-76a9-484f-91a7-5f181eb2f941" date="2025-12-10T10:38:06.075" Message="N/A" AuthorName="N/A" AuthorEmail="N/A" /><!-- duration: 61ms -->
    </step><!-- duration: 122ms -->
    <step title="Starting PushDeployAsync" date="2025-12-10T10:38:06.277" /><!-- duration: 21ms -->
    <step title="Writing artifact to /tmp/zipdeploy/c74365f2-2d81-41dc-8fd2-14c7b09360d8.zip" date="2025-12-10T10:38:06.545" >
      <step title="Writing multipart request body to /tmp/zipdeploy/c74365f2-2d81-41dc-8fd2-14c7b09360d8.zip" date="2025-12-10T10:38:06.629" /><!-- duration: 168ms -->
    </step><!-- duration: 133249ms -->
    <step title="Start deployment in the background" date="2025-12-10T10:40:19.836" >
      <step title="Acquiring Deployment Lock" date="2025-12-10T10:40:19.908" /><!-- duration: 11ms -->
      <step title="Acquired Deployment Lock" date="2025-12-10T10:40:20.012" /><!-- duration: 6ms -->
    </step><!-- duration: 346ms -->
  </step><!-- duration: 134405ms -->
  <step title="Outgoing response" date="2025-12-10T10:40:20.270" type="response" statusCode="202" statusText="Accepted" /><!-- duration: 7ms -->
</step><!-- duration: 144335ms -->
