<step title="Incoming Request" date="2025-12-10T08:32:12.323" instance="220123" url="/api/zipdeploy?isAsync=true" method="POST" type="request" pid="832,1,15" Accept="*/*" Host="lims-preview-360.scm.azurewebsites.net" User-Agent="AZURECLI/2.80.0 (MSI)" Accept-Encoding="gzip, deflate" Authorization="Bea..." Cache-Control="no-cache" Content-Type="application/octet-stream" Content-Length="116615227" x-ms-client-request-id="b64c82e2-d5a2-11f0-a344-f4a80dcb9cc7" x-ms-artifact-checksum="60030f26e99b7b78042f3598b6a07d6ec3a43b566e8d257dd679c8f5783c078d" X-ARR-LOG-ID="b64c82e2-d5a2-11f0-a344-f4a80dcb9cc7" CLIENT-IP="197.231.173.251:60556" X-SITE-DEPLOYMENT-ID="lims-preview-360" WAS-DEFAULT-HOSTNAME="lims-preview-360.scm.azurewebsites.net" X-Forwarded-Proto="https" X-AppService-Proto="https" X-Forwarded-TlsVersion="1.3" X-WAWS-Unencoded-URL="/api/zipdeploy?isAsync=true" X-Client-IP="197.231.173.251" X-Client-Port="60556" >
  <step title="Cleanup Xml Logs" date="2025-12-10T08:32:12.345" /><!-- duration: 28ms -->
  <step title="ZipPushDeploy" date="2025-12-10T08:32:12.504" >
    <step title="ZipDeploy. Extract zip." date="2025-12-10T08:32:12.531" /><!-- duration: 23ms -->
    <step title="None repository commit" date="2025-12-10T08:32:12.594" >
      <step title="Commit id: 63c84e57-4f91-499f-ba08-3fbd4741959b" date="2025-12-10T08:32:12.623" Message="N/A" AuthorName="N/A" AuthorEmail="N/A" /><!-- duration: 11ms -->
    </step><!-- duration: 57ms -->
    <step title="Starting PushDeployAsync" date="2025-12-10T08:32:12.671" /><!-- duration: 11ms -->
    <step title="Writing artifact to /tmp/zipdeploy/b84d88f7-d2e1-4b58-8aee-3a7aa6c38001.zip" date="2025-12-10T08:32:12.783" >
      <step title="Writing multipart request body to /tmp/zipdeploy/b84d88f7-d2e1-4b58-8aee-3a7aa6c38001.zip" date="2025-12-10T08:32:12.806" /><!-- duration: 27ms -->
    </step><!-- duration: 53785ms -->
    <step title="Start deployment in the background" date="2025-12-10T08:33:06.889" >
      <step title="Acquiring Deployment Lock" date="2025-12-10T08:33:07.521" /><!-- duration: 250ms -->
      <step title="Acquired Deployment Lock" date="2025-12-10T08:33:08.293" /><!-- duration: 111ms -->
    </step><!-- duration: 2467ms -->
  </step><!-- duration: 57084ms -->
  <step title="Outgoing response" date="2025-12-10T08:33:09.869" type="response" statusCode="202" statusText="Accepted" /><!-- duration: 27ms -->
</step><!-- duration: 57587ms -->
