<step title="Incoming Request" date="2025-12-10T09:18:42.044" instance="220123" url="/api/publish?type=zip" method="POST" type="request" pid="837,1,14" Accept="*/*" Host="lims-preview-360.scm.azurewebsites.net" User-Agent="AZURECLI/2.80.0 (MSI)" Accept-Encoding="gzip, deflate" Authorization="Bea..." Cache-Control="no-cache" Content-Type="application/octet-stream" Cookie="ARRAffinity=220123e6e205079d6596b96940a643fd9ef5ed2296fb26a26a4eac0875cf97c5; ARRAffinitySameSite=220123e6e205079d6596b96940a643fd9ef5ed2296fb26a26a4eac0875cf97c5" Content-Length="6520058" x-ms-client-request-id="2c7537bb-d5a9-11f0-91ed-f4a80dcb9cc7" x-ms-artifact-checksum="c321ee140460769544c4fdebb801a7bfde9f4ea570d1bf875ba481da8445899b" X-ARR-LOG-ID="2c7537bb-d5a9-11f0-91ed-f4a80dcb9cc7" CLIENT-IP="197.231.173.251:57829" X-SITE-DEPLOYMENT-ID="lims-preview-360" WAS-DEFAULT-HOSTNAME="lims-preview-360.scm.azurewebsites.net" X-Forwarded-Proto="https" X-AppService-Proto="https" X-Forwarded-TlsVersion="1.3" X-WAWS-Unencoded-URL="/api/publish?type=zip" X-Client-IP="197.231.173.251" X-Client-Port="57829" >
  <step title="Cleanup Xml Logs" date="2025-12-10T09:18:42.130" /><!-- duration: 43ms -->
  <step title="OneDeploy" date="2025-12-10T09:18:42.785" >
    <step title="None repository commit" date="2025-12-10T09:18:42.936" >
      <step title="Commit id: df6ed735-486e-42e9-aac6-6afbf2179fa7" date="2025-12-10T09:18:42.976" Message="N/A" AuthorName="N/A" AuthorEmail="N/A" /><!-- duration: 12ms -->
    </step><!-- duration: 120ms -->
    <step title="Starting PushDeployAsync" date="2025-12-10T09:18:43.115" /><!-- duration: 33ms -->
    <step title="Writing artifact to /tmp/zipdeploy/d2afdc63-3607-4a3f-90b7-8e3c51880a47.zip" date="2025-12-10T09:18:43.276" >
      <step title="Writing multipart request body to /tmp/zipdeploy/d2afdc63-3607-4a3f-90b7-8e3c51880a47.zip" date="2025-12-10T09:18:43.297" /><!-- duration: 40ms -->
    </step><!-- duration: 1236ms -->
    <step title="Attempting to fetch target branch HEAD" date="2025-12-10T09:18:44.616" /><!-- duration: 29ms -->
    <step title="Acquiring Deployment Lock" date="2025-12-10T09:18:44.672" /><!-- duration: 23ms -->
    <step title="Acquired Deployment Lock" date="2025-12-10T09:18:44.853" /><!-- duration: 51ms -->
    <step title="Performing fetch based deployment" date="2025-12-10T09:18:44.965" >
      <step title="Creating temporary deployment" date="2025-12-10T09:18:45.056" /><!-- duration: 383ms -->
      <step title="Releasing Deployment Lock" date="2025-12-10T09:18:47.028" /><!-- duration: 12ms -->
      <step title="Cleaning up temp folders from previous zip deployments and extracting pushed zip file /tmp/zipdeploy/d2afdc63-3607-4a3f-90b7-8e3c51880a47.zip (6.22 MB) to /tmp/zipdeploy/extracted" date="2025-12-10T09:18:47.366" >
        <step title="ChmodRecursive Process exited with total time taken in ms: 260" date="2025-12-10T09:18:55.750" /><!-- duration: 22ms -->
      </step><!-- duration: 8433ms -->
      <step title="None repository commit" date="2025-12-10T09:18:55.812" >
        <step title="Commit id: df6ed735-486e-42e9-aac6-6afbf2179fa7" date="2025-12-10T09:18:55.830" Message="OneDeploy" AuthorName="N/A" AuthorEmail="N/A" /><!-- duration: 11ms -->
      </step><!-- duration: 51ms -->
      <step title="Deployment timer started" date="2025-12-10T09:18:57.888" >
        <step title="DeploymentManager.Deploy(id:df6ed735-486e-42e9-aac6-6afbf2179fa7)" date="2025-12-10T09:18:57.908" >
          <step title="Collecting changeset information" date="2025-12-10T09:18:57.977" /><!-- duration: 280ms -->
          <step title="Updating submodules" date="2025-12-10T09:18:58.289" /><!-- duration: 1365ms -->
          <step title="Determining deployment builder" date="2025-12-10T09:19:00.618" >
            <step title="Builder is OryxBuilder" date="2025-12-10T09:19:00.738" /><!-- duration: 23ms -->
          </step><!-- duration: 172ms -->
          <step title="PreDeployment: context.CleanOutputPath False" date="2025-12-10T09:19:00.959" >
            <step title="PreDeployment: context.OutputPath /home/site/wwwroot" date="2025-12-10T09:19:01.451" >
              <step title="Building" date="2025-12-10T09:19:02.024" >
                <step title="Executing external process" date="2025-12-10T09:19:03.399" type="process" path="bash" arguments="-c &quot;oryx build /tmp/zipdeploy/extracted -o /home/site/wwwroot --platform nodejs --platform-version 20 -p virtualenv_name= --log-file /tmp/build-debug.log  -i /tmp/8de37cd27c43870 -p compress_node_modules=tar-gz | tee /tmp/oryx-build.log ; exit $PIPESTATUS &quot;" >
                  <step title="Cpu: npm install(1010,5.380s)+build.sh(907,0.060s)+oryx(882,8.530s)+tee(883,0.000s)+bash(881,0.000s)=total(13.950s)" date="2025-12-10T09:21:29.845" /><!-- duration: 79ms -->
                  <step title="bash: no io activity for 60s, prev-cpu=-1.000s, current-cpu=13.950s" date="2025-12-10T09:21:30.075" /><!-- duration: 110ms -->
