<step title="Incoming Request" date="2025-12-10T07:16:03.516" instance="74c5f4" url="/api/zipdeploy?isAsync=true" method="POST" type="request" pid="831,1,15" Accept="*/*" Host="lims-preview-360.scm.azurewebsites.net" User-Agent="AZURECLI/2.80.0 (MSI)" Accept-Encoding="gzip, deflate" Authorization="Bea..." Cache-Control="no-cache" Content-Type="application/octet-stream" Content-Length="116271758" x-ms-client-request-id="078364f6-d598-11f0-a131-f4a80dcb9cc7" x-ms-artifact-checksum="49e1b579eeaa7effb95719659d02d8e787d5c927a4cbb95a101832a514e3eb96" X-ARR-LOG-ID="078364f6-d598-11f0-a131-f4a80dcb9cc7" CLIENT-IP="197.231.173.251:60155" X-SITE-DEPLOYMENT-ID="lims-preview-360" WAS-DEFAULT-HOSTNAME="lims-preview-360.scm.azurewebsites.net" X-Forwarded-Proto="https" X-AppService-Proto="https" X-Forwarded-TlsVersion="1.3" X-WAWS-Unencoded-URL="/api/zipdeploy?isAsync=true" X-Client-IP="197.231.173.251" X-Client-Port="60155" >
  <step title="ZipPushDeploy" date="2025-12-10T07:16:03.842" >
    <step title="ZipDeploy. Extract zip." date="2025-12-10T07:16:03.858" /><!-- duration: 5ms -->
    <step title="None repository commit" date="2025-12-10T07:16:03.870" >
      <step title="Commit id: 1884878a-3686-46e5-97ee-15a627df3181" date="2025-12-10T07:16:03.874" Message="N/A" AuthorName="N/A" AuthorEmail="N/A" /><!-- duration: 4ms -->
    </step><!-- duration: 13ms -->
    <step title="Starting PushDeployAsync" date="2025-12-10T07:16:03.888" /><!-- duration: 6ms -->
    <step title="Writing artifact to /tmp/zipdeploy/480cdd1a-6e4d-4c6e-8f81-bbb8e601f3a9.zip" date="2025-12-10T07:16:03.909" >
      <step title="Writing multipart request body to /tmp/zipdeploy/480cdd1a-6e4d-4c6e-8f81-bbb8e601f3a9.zip" date="2025-12-10T07:16:03.914" /><!-- duration: 4ms -->
    </step><!-- duration: 4676ms -->
    <step title="Start deployment in the background" date="2025-12-10T07:16:08.619" >
      <step title="Acquiring Deployment Lock" date="2025-12-10T07:16:08.666" /><!-- duration: 4ms -->
      <step title="Acquired Deployment Lock" date="2025-12-10T07:16:08.723" /><!-- duration: 4ms -->
    </step><!-- duration: 278ms -->
  </step><!-- duration: 5063ms -->
  <step title="Outgoing response" date="2025-12-10T07:16:08.920" type="response" statusCode="202" statusText="Accepted" /><!-- duration: 4ms -->
</step><!-- duration: 5411ms -->
