<step title="Incoming Request" date="2025-12-10T08:15:50.688" instance="220123" url="/api/publish?type=zip" method="POST" type="request" pid="833,1,5" Accept="*/*" Host="lims-preview-360.scm.azurewebsites.net" User-Agent="AZURECLI/2.80.0 (MSI)" Accept-Encoding="gzip, deflate" Authorization="Bea..." Cache-Control="no-cache" Content-Type="application/octet-stream" Cookie="ARRAffinity=220123e6e205079d6596b96940a643fd9ef5ed2296fb26a26a4eac0875cf97c5; ARRAffinitySameSite=220123e6e205079d6596b96940a643fd9ef5ed2296fb26a26a4eac0875cf97c5" Content-Length="116615173" x-ms-client-request-id="5b883ba5-d5a0-11f0-ae9b-f4a80dcb9cc7" x-ms-artifact-checksum="3a697e3fe6d1a80aab22b8bff38b00b5a805cc1d09ae0415f5a5e0d491283de3" X-ARR-LOG-ID="5b883ba5-d5a0-11f0-ae9b-f4a80dcb9cc7" CLIENT-IP="197.231.173.251:56199" X-SITE-DEPLOYMENT-ID="lims-preview-360" WAS-DEFAULT-HOSTNAME="lims-preview-360.scm.azurewebsites.net" X-Forwarded-Proto="https" X-AppService-Proto="https" X-Forwarded-TlsVersion="1.3" X-WAWS-Unencoded-URL="/api/publish?type=zip" X-Client-IP="197.231.173.251" X-Client-Port="56199" >
  <step title="Cleanup Xml Logs" date="2025-12-10T08:15:50.707" /><!-- duration: 173ms -->
  <step title="OneDeploy" date="2025-12-10T08:15:51.253" >
    <step title="None repository commit" date="2025-12-10T08:15:51.342" >
      <step title="Commit id: 71149ef8-acc6-4001-ab97-1cbfaa39ee1b" date="2025-12-10T08:15:51.381" Message="N/A" AuthorName="N/A" AuthorEmail="N/A" /><!-- duration: 28ms -->
    </step><!-- duration: 94ms -->
    <step title="Starting PushDeployAsync" date="2025-12-10T08:15:51.448" /><!-- duration: 30ms -->
    <step title="WEBSITE_RUN_FROM_PACKAGE is set to 1. Writing zip to SitePackagesPath" date="2025-12-10T08:15:51.555" /><!-- duration: 26ms -->
    <step title="Copying zip to SitePackages /home/data/SitePackages/20251210081551.zip from request body" date="2025-12-10T08:15:51.624" /><!-- duration: 67ms -->
    <step title="Writing multipart request body to /home/data/SitePackages/20251210081551.zip" date="2025-12-10T08:15:51.721" /><!-- duration: 48ms -->
    <step title="Attempting to fetch target branch HEAD" date="2025-12-10T08:16:13.672" /><!-- duration: 44ms -->
    <step title="Acquiring Deployment Lock" date="2025-12-10T08:16:13.763" /><!-- duration: 31ms -->
    <step title="Acquired Deployment Lock" date="2025-12-10T08:16:14.064" /><!-- duration: 13ms -->
    <step title="Performing fetch based deployment" date="2025-12-10T08:16:14.155" >
      <step title="Creating temporary deployment" date="2025-12-10T08:16:14.204" /><!-- duration: 285ms -->
      <step title="Releasing Deployment Lock" date="2025-12-10T08:16:16.212" /><!-- duration: 31ms -->
      <step title="None repository commit" date="2025-12-10T08:16:16.763" >
        <step title="Commit id: 71149ef8-acc6-4001-ab97-1cbfaa39ee1b" date="2025-12-10T08:16:16.784" Message="OneDeploy" AuthorName="N/A" AuthorEmail="N/A" /><!-- duration: 22ms -->
      </step><!-- duration: 62ms -->
      <step title="Deployment timer started" date="2025-12-10T08:16:18.884" >
        <step title="DeploymentManager.Deploy(id:71149ef8-acc6-4001-ab97-1cbfaa39ee1b)" date="2025-12-10T08:16:18.925" >
          <step title="Collecting changeset information" date="2025-12-10T08:16:19.035" /><!-- duration: 403ms -->
          <step title="Updating submodules" date="2025-12-10T08:16:19.507" /><!-- duration: 1773ms -->
          <step title="Determining deployment builder" date="2025-12-10T08:16:22.432" >
            <step title="Builder is RunFromZipSiteBuilder" date="2025-12-10T08:16:22.572" /><!-- duration: 120ms -->
          </step><!-- duration: 291ms -->
          <step title="PreDeployment: context.CleanOutputPath False" date="2025-12-10T08:16:23.468" >
            <step title="PreDeployment: context.OutputPath /home/site/wwwroot" date="2025-12-10T08:16:25.243" >
              <step title="Building" date="2025-12-10T08:16:26.991" >
                <step title="Modified file to trigger a restart of the app container." date="2025-12-10T08:16:29.456" /><!-- duration: 30ms -->
                <step title="Skip function trigger and logicapp sync because function is not enabled." date="2025-12-10T08:16:29.555" /><!-- duration: 89ms -->
              </step><!-- duration: 6864ms -->
            </step><!-- duration: 8781ms -->
            <step title="Cleaning up temp files" date="2025-12-10T08:16:34.046" /><!-- duration: 221ms -->
            <step title="Cleaning up temp files" date="2025-12-10T08:16:34.288" /><!-- duration: 539ms -->
            <step title="Reloading status file with latest updates" date="2025-12-10T08:16:35.157" >
              <step title="WebHooksManager.PublishEventAsync: PostDeployment" date="2025-12-10T08:16:35.242" /><!-- duration: 642ms -->
            </step><!-- duration: 768ms -->
            <step title="Cleaning up temporary deployment - fetch deployment was successful" date="2025-12-10T08:16:36.005" /><!-- duration: 61ms -->
          </step><!-- duration: 13000ms -->
        </step><!-- duration: 17772ms -->
        <step title="Outgoing response" date="2025-12-10T08:16:36.897" type="response" statusCode="200" statusText="OK" /><!-- duration: 71ms -->
      </step><!-- duration: 18137ms -->
