<step title="Incoming Request" date="2025-12-10T10:26:32.547" instance="220123" url="/api/publish?type=zip" method="POST" type="request" pid="837,1,7" Accept="*/*" Host="lims-preview-360.scm.azurewebsites.net" User-Agent="AZURECLI/2.80.0 (MSI)" Accept-Encoding="gzip, deflate" Authorization="Bea..." Cache-Control="no-cache" Content-Type="application/octet-stream" Cookie="ARRAffinity=220123e6e205079d6596b96940a643fd9ef5ed2296fb26a26a4eac0875cf97c5; ARRAffinitySameSite=220123e6e205079d6596b96940a643fd9ef5ed2296fb26a26a4eac0875cf97c5" Content-Length="333619375" x-ms-client-request-id="a92e0deb-d5b2-11f0-adb6-f4a80dcb9cc7" x-ms-artifact-checksum="69187ae9c72363af89d6c799f22b294bfedc582617b9908d00c1396ae5f88eba" X-ARR-LOG-ID="a92e0deb-d5b2-11f0-adb6-f4a80dcb9cc7" CLIENT-IP="197.231.173.251:51833" X-SITE-DEPLOYMENT-ID="lims-preview-360" WAS-DEFAULT-HOSTNAME="lims-preview-360.scm.azurewebsites.net" X-Forwarded-Proto="https" X-AppService-Proto="https" X-Forwarded-TlsVersion="1.3" X-WAWS-Unencoded-URL="/api/publish?type=zip" X-Client-IP="197.231.173.251" X-Client-Port="51833" >
  <step title="Cleanup Xml Logs" date="2025-12-10T10:26:32.553" /><!-- duration: 16ms -->
  <step title="OneDeploy" date="2025-12-10T10:26:33.130" >
    <step title="None repository commit" date="2025-12-10T10:26:33.240" >
      <step title="Commit id: 51740a7b-5bca-4161-a505-a7751d77da03" date="2025-12-10T10:26:33.273" Message="N/A" AuthorName="N/A" AuthorEmail="N/A" /><!-- duration: 17ms -->
    </step><!-- duration: 63ms -->
    <step title="Starting PushDeployAsync" date="2025-12-10T10:26:33.331" /><!-- duration: 7ms -->
    <step title="Writing artifact to /tmp/zipdeploy/2b4e9f16-5c1e-412a-8a75-98d5cb97ea33.zip" date="2025-12-10T10:26:33.374" >
      <step title="Writing multipart request body to /tmp/zipdeploy/2b4e9f16-5c1e-412a-8a75-98d5cb97ea33.zip" date="2025-12-10T10:26:33.383" /><!-- duration: 22ms -->
    </step><!-- duration: 63515ms -->
    <step title="Attempting to fetch target branch HEAD" date="2025-12-10T10:27:37.000" /><!-- duration: 6ms -->
    <step title="Acquiring Deployment Lock" date="2025-12-10T10:27:37.023" /><!-- duration: 7ms -->
    <step title="Acquired Deployment Lock" date="2025-12-10T10:27:37.112" /><!-- duration: 6ms -->
    <step title="Performing fetch based deployment" date="2025-12-10T10:27:37.135" >
      <step title="Creating temporary deployment" date="2025-12-10T10:27:37.142" /><!-- duration: 173ms -->
      <step title="Releasing Deployment Lock" date="2025-12-10T10:27:38.543" /><!-- duration: 11ms -->
      <step title="Cleaning up temp folders from previous zip deployments and extracting pushed zip file /tmp/zipdeploy/2b4e9f16-5c1e-412a-8a75-98d5cb97ea33.zip (318.16 MB) to /tmp/zipdeploy/extracted" date="2025-12-10T10:27:38.609" >
        <step title="ChmodRecursive Process exited with total time taken in ms: 927" date="2025-12-10T10:29:23.511" /><!-- duration: 26ms -->
      </step><!-- duration: 104953ms -->
      <step title="None repository commit" date="2025-12-10T10:29:23.601" >
        <step title="Commit id: 51740a7b-5bca-4161-a505-a7751d77da03" date="2025-12-10T10:29:23.611" Message="OneDeploy" AuthorName="N/A" AuthorEmail="N/A" /><!-- duration: 10ms -->
      </step><!-- duration: 32ms -->
      <step title="Deployment timer started" date="2025-12-10T10:29:25.664" >
        <step title="DeploymentManager.Deploy(id:51740a7b-5bca-4161-a505-a7751d77da03)" date="2025-12-10T10:29:25.693" >
          <step title="Collecting changeset information" date="2025-12-10T10:29:25.770" /><!-- duration: 210ms -->
          <step title="Updating submodules" date="2025-12-10T10:29:26.028" /><!-- duration: 1610ms -->
          <step title="Determining deployment builder" date="2025-12-10T10:29:28.463" >
            <step title="Builder is OryxBuilder" date="2025-12-10T10:29:28.553" /><!-- duration: 52ms -->
          </step><!-- duration: 174ms -->
          <step title="PreDeployment: context.CleanOutputPath False" date="2025-12-10T10:29:28.805" >
            <step title="PreDeployment: context.OutputPath /home/site/wwwroot" date="2025-12-10T10:29:29.207" >
              <step title="Building" date="2025-12-10T10:29:29.636" >
                <step title="Executing external process" date="2025-12-10T10:29:31.184" type="process" path="bash" arguments="-c &quot;oryx build /tmp/zipdeploy/extracted -o /home/site/wwwroot --platform nodejs --platform-version 20 -p virtualenv_name= --log-file /tmp/build-debug.log  -i /tmp/8de37d6ffc28b8c -p compress_node_modules=tar-gz | tee /tmp/oryx-build.log ; exit $PIPESTATUS &quot;" /><!-- duration: 53ms -->
                <step title="Error occurred" date="2025-12-10T10:29:31.824" type="error" text="One or more errors occurred. (An error occurred trying to start process &apos;/bin/bash&apos; with working directory &apos;/tmp/zipdeploy/extracted&apos;. No such file or directory)" stackTrace="   at System.Threading.Tasks.Task`1.GetResultCore(Boolean waitCompletionNotification)
   at Kudu.Core.Infrastructure.Executable.ExecuteInternal(ITracer tracer, Func`2 onWriteOutput, Func`2 onWriteError, CancellationToken token, Encoding encoding, String arguments, Object[] args) in /tmp/KuduLite/Kudu.Core/Infrastructure/Executable.cs:line 212
   at Kudu.Core.Infrastructure.Executable.ExecuteWithProgressWriter(ILogger logger, ITracer tracer, CancellationToken token, String arguments, Object[] args) in /tmp/KuduLite/Kudu.Core/Infrastructure/Executable.cs:line 118
   at Kudu.Core.Deployment.Generator.ExternalCommandBuilder.RunCommand(DeploymentContext context, String command, Boolean ignoreManifest, CancellationToken token, String message) in /tmp/KuduLite/Kudu.Core/Deployment/Generator/ExternalCommandBuilder.cs:line 122" innerText="An error occurred trying to start process &apos;/bin/bash&apos; with working directory &apos;/tmp/zipdeploy/extracted&apos;. No such file or directory" innerStackTrace="   at System.Diagnostics.Process.ForkAndExecProcess(ProcessStartInfo startInfo, String resolvedFilename, String[] argv, String[] envp, String cwd, Boolean setCredentials, UInt32 userId, UInt32 groupId, UInt32[] groups, Int32&amp; stdinFd, Int32&amp; stdoutFd, Int32&amp; stderrFd, Boolean usesTerminal, Boolean throwOnNoExec)
   at System.Diagnostics.Process.StartCore(ProcessStartInfo startInfo)
   at Kudu.Core.Infrastructure.ProcessExtensions.Start(IProcess process, ITracer tracer, Stream output, Stream error, Stream input, IdleManager idleManager) in /tmp/KuduLite/Kudu.Core/Infrastructure/ProcessExtensions.cs:line 200
   at Kudu.Core.Infrastructure.Executable.ExecuteAsync(ITracer tracer, String arguments, Stream output, Stream error, CancellationToken token, Stream input, IdleManager idleManager) in /tmp/KuduLite/Kudu.Core/Infrastructure/Executable.cs:line 261" /><!-- duration: 42ms -->
                <step title="Error occurred" date="2025-12-10T10:29:32.045" type="error" text="One or more errors occurred. (An error occurred trying to start process &apos;/bin/bash&apos; with working directory &apos;/tmp/zipdeploy/extracted&apos;. No such file or directory)" stackTrace="   at System.Threading.Tasks.Task`1.GetResultCore(Boolean waitCompletionNotification)
   at Kudu.Core.Infrastructure.Executable.ExecuteInternal(ITracer tracer, Func`2 onWriteOutput, Func`2 onWriteError, CancellationToken token, Encoding encoding, String arguments, Object[] args) in /tmp/KuduLite/Kudu.Core/Infrastructure/Executable.cs:line 212
   at Kudu.Core.Infrastructure.Executable.ExecuteWithProgressWriter(ILogger logger, ITracer tracer, CancellationToken token, String arguments, Object[] args) in /tmp/KuduLite/Kudu.Core/Infrastructure/Executable.cs:line 118
   at Kudu.Core.Deployment.Generator.ExternalCommandBuilder.RunCommand(DeploymentContext context, String command, Boolean ignoreManifest, CancellationToken token, String message) in /tmp/KuduLite/Kudu.Core/Deployment/Generator/ExternalCommandBuilder.cs:line 122
   at Kudu.Core.Deployment.Generator.OryxBuilder.RunBuildCommand(IOryxArguments args, DeploymentContext context, CancellationToken token) in /tmp/KuduLite/Kudu.Core/Deployment/Generator/OryxBuilder.cs:line 295
   at Kudu.Core.Deployment.Generator.OryxBuilder.Build(DeploymentContext context, CancellationToken token) in /tmp/KuduLite/Kudu.Core/Deployment/Generator/OryxBuilder.cs:line 136
   at Kudu.Core.Deployment.DeploymentManager.Build(ChangeSet changeSet, ITracer tracer, IDisposable deployStep, IRepository repository, DeploymentInfoBase deploymentInfo, DeploymentAnalytics deploymentAnalytics, Boolean fullBuildByDefault, CancellationToken cancellationToken) in /tmp/KuduLite/Kudu.Core/Deployment/DeploymentManager.cs:line 771" innerText="An error occurred trying to start process &apos;/bin/bash&apos; with working directory &apos;/tmp/zipdeploy/extracted&apos;. No such file or directory" innerStackTrace="   at System.Diagnostics.Process.ForkAndExecProcess(ProcessStartInfo startInfo, String resolvedFilename, String[] argv, String[] envp, String cwd, Boolean setCredentials, UInt32 userId, UInt32 groupId, UInt32[] groups, Int32&amp; stdinFd, Int32&amp; stdoutFd, Int32&amp; stderrFd, Boolean usesTerminal, Boolean throwOnNoExec)
   at System.Diagnostics.Process.StartCore(ProcessStartInfo startInfo)
   at Kudu.Core.Infrastructure.ProcessExtensions.Start(IProcess process, ITracer tracer, Stream output, Stream error, Stream input, IdleManager idleManager) in /tmp/KuduLite/Kudu.Core/Infrastructure/ProcessExtensions.cs:line 200
   at Kudu.Core.Infrastructure.Executable.ExecuteAsync(ITracer tracer, String arguments, Stream output, Stream error, CancellationToken token, Stream input, IdleManager idleManager) in /tmp/KuduLite/Kudu.Core/Infrastructure/Executable.cs:line 261" /><!-- duration: 97ms -->
                <step title="Purge deployment items" date="2025-12-10T10:29:34.886" >
                  <step title="Remove temp-dc06, Pending, received at 12/10/2025 10:29:23" date="2025-12-10T10:29:34.957" /><!-- duration: 6ms -->
                  <step title="Remove temp-8a27, Pending, received at 12/10/2025 10:27:37" date="2025-12-10T10:29:35.049" /><!-- duration: 6ms -->
                  <step title="Remove 6401b490-, Failed, received at 12/10/2025 10:12:11" date="2025-12-10T10:29:35.142" /><!-- duration: 6ms -->
                  <step title="Remove temp-9c8e, Failed, received at 12/10/2025 10:12:02" date="2025-12-10T10:29:35.233" /><!-- duration: 6ms -->
                  <step title="Remove f85f31e0-, Failed, received at 12/10/2025 10:03:15" date="2025-12-10T10:29:35.333" /><!-- duration: 7ms -->
                </step><!-- duration: 460ms -->
              </step><!-- duration: 5717ms -->
            </step><!-- duration: 6158ms -->
            <step title="Error occurred" date="2025-12-10T10:29:35.371" type="error" text="One or more errors occurred. (An error occurred trying to start process &apos;/bin/bash&apos; with working directory &apos;/tmp/zipdeploy/extracted&apos;. No such file or directory)" stackTrace="   at System.Threading.Tasks.Task`1.GetResultCore(Boolean waitCompletionNotification)
   at Kudu.Core.Infrastructure.Executable.ExecuteInternal(ITracer tracer, Func`2 onWriteOutput, Func`2 onWriteError, CancellationToken token, Encoding encoding, String arguments, Object[] args) in /tmp/KuduLite/Kudu.Core/Infrastructure/Executable.cs:line 212
   at Kudu.Core.Infrastructure.Executable.ExecuteWithProgressWriter(ILogger logger, ITracer tracer, CancellationToken token, String arguments, Object[] args) in /tmp/KuduLite/Kudu.Core/Infrastructure/Executable.cs:line 118
   at Kudu.Core.Deployment.Generator.ExternalCommandBuilder.RunCommand(DeploymentContext context, String command, Boolean ignoreManifest, CancellationToken token, String message) in /tmp/KuduLite/Kudu.Core/Deployment/Generator/ExternalCommandBuilder.cs:line 122
   at Kudu.Core.Deployment.Generator.OryxBuilder.RunBuildCommand(IOryxArguments args, DeploymentContext context, CancellationToken token) in /tmp/KuduLite/Kudu.Core/Deployment/Generator/OryxBuilder.cs:line 295
   at Kudu.Core.Deployment.Generator.OryxBuilder.Build(DeploymentContext context, CancellationToken token) in /tmp/KuduLite/Kudu.Core/Deployment/Generator/OryxBuilder.cs:line 136
   at Kudu.Core.Deployment.DeploymentManager.Build(ChangeSet changeSet, ITracer tracer, IDisposable deployStep, IRepository repository, DeploymentInfoBase deploymentInfo, DeploymentAnalytics deploymentAnalytics, Boolean fullBuildByDefault, CancellationToken cancellationToken) in /tmp/KuduLite/Kudu.Core/Deployment/DeploymentManager.cs:line 771
   at Kudu.Core.Deployment.DeploymentManager.Build(ChangeSet changeSet, ITracer tracer, IDisposable deployStep, IRepository repository, DeploymentInfoBase deploymentInfo, DeploymentAnalytics deploymentAnalytics, Boolean fullBuildByDefault, CancellationToken cancellationToken) in /tmp/KuduLite/Kudu.Core/Deployment/DeploymentManager.cs:line 840" innerText="An error occurred trying to start process &apos;/bin/bash&apos; with working directory &apos;/tmp/zipdeploy/extracted&apos;. No such file or directory" innerStackTrace="   at System.Diagnostics.Process.ForkAndExecProcess(ProcessStartInfo startInfo, String resolvedFilename, String[] argv, String[] envp, String cwd, Boolean setCredentials, UInt32 userId, UInt32 groupId, UInt32[] groups, Int32&amp; stdinFd, Int32&amp; stdoutFd, Int32&amp; stderrFd, Boolean usesTerminal, Boolean throwOnNoExec)
   at System.Diagnostics.Process.StartCore(ProcessStartInfo startInfo)
   at Kudu.Core.Infrastructure.ProcessExtensions.Start(IProcess process, ITracer tracer, Stream output, Stream error, Stream input, IdleManager idleManager) in /tmp/KuduLite/Kudu.Core/Infrastructure/ProcessExtensions.cs:line 200
   at Kudu.Core.Infrastructure.Executable.ExecuteAsync(ITracer tracer, String arguments, Stream output, Stream error, CancellationToken token, Stream input, IdleManager idleManager) in /tmp/KuduLite/Kudu.Core/Infrastructure/Executable.cs:line 261" /><!-- duration: 8ms -->
            <step title="Cleaning up temp files" date="2025-12-10T10:29:35.505" /><!-- duration: 8ms -->
            <step title="Cleaning up temp files" date="2025-12-10T10:29:35.526" /><!-- duration: 535ms -->
            <step title="Error occurred" date="2025-12-10T10:29:36.144" type="error" text="One or more errors occurred. (An error occurred trying to start process &apos;/bin/bash&apos; with working directory &apos;/tmp/zipdeploy/extracted&apos;. No such file or directory)" stackTrace="   at System.Threading.Tasks.Task`1.GetResultCore(Boolean waitCompletionNotification)
   at Kudu.Core.Infrastructure.Executable.ExecuteInternal(ITracer tracer, Func`2 onWriteOutput, Func`2 onWriteError, CancellationToken token, Encoding encoding, String arguments, Object[] args) in /tmp/KuduLite/Kudu.Core/Infrastructure/Executable.cs:line 212
   at Kudu.Core.Infrastructure.Executable.ExecuteWithProgressWriter(ILogger logger, ITracer tracer, CancellationToken token, String arguments, Object[] args) in /tmp/KuduLite/Kudu.Core/Infrastructure/Executable.cs:line 118
   at Kudu.Core.Deployment.Generator.ExternalCommandBuilder.RunCommand(DeploymentContext context, String command, Boolean ignoreManifest, CancellationToken token, String message) in /tmp/KuduLite/Kudu.Core/Deployment/Generator/ExternalCommandBuilder.cs:line 122
   at Kudu.Core.Deployment.Generator.OryxBuilder.RunBuildCommand(IOryxArguments args, DeploymentContext context, CancellationToken token) in /tmp/KuduLite/Kudu.Core/Deployment/Generator/OryxBuilder.cs:line 295
   at Kudu.Core.Deployment.Generator.OryxBuilder.Build(DeploymentContext context, CancellationToken token) in /tmp/KuduLite/Kudu.Core/Deployment/Generator/OryxBuilder.cs:line 136
   at Kudu.Core.Deployment.DeploymentManager.Build(ChangeSet changeSet, ITracer tracer, IDisposable deployStep, IRepository repository, DeploymentInfoBase deploymentInfo, DeploymentAnalytics deploymentAnalytics, Boolean fullBuildByDefault, CancellationToken cancellationToken) in /tmp/KuduLite/Kudu.Core/Deployment/DeploymentManager.cs:line 771
   at Kudu.Core.Deployment.DeploymentManager.Build(ChangeSet changeSet, ITracer tracer, IDisposable deployStep, IRepository repository, DeploymentInfoBase deploymentInfo, DeploymentAnalytics deploymentAnalytics, Boolean fullBuildByDefault, CancellationToken cancellationToken) in /tmp/KuduLite/Kudu.Core/Deployment/DeploymentManager.cs:line 840
   at Kudu.Core.Deployment.DeploymentManager.DeployAsync(IRepository repository, ChangeSet changeSet, String deployer, Boolean clean, DeploymentInfoBase deploymentInfo, Boolean needFileUpdate, Boolean fullBuildByDefault) in /tmp/KuduLite/Kudu.Core/Deployment/DeploymentManager.cs:line 266" innerText="An error occurred trying to start process &apos;/bin/bash&apos; with working directory &apos;/tmp/zipdeploy/extracted&apos;. No such file or directory" innerStackTrace="   at System.Diagnostics.Process.ForkAndExecProcess(ProcessStartInfo startInfo, String resolvedFilename, String[] argv, String[] envp, String cwd, Boolean setCredentials, UInt32 userId, UInt32 groupId, UInt32[] groups, Int32&amp; stdinFd, Int32&amp; stdoutFd, Int32&amp; stderrFd, Boolean usesTerminal, Boolean throwOnNoExec)
   at System.Diagnostics.Process.StartCore(ProcessStartInfo startInfo)
   at Kudu.Core.Infrastructure.ProcessExtensions.Start(IProcess process, ITracer tracer, Stream output, Stream error, Stream input, IdleManager idleManager) in /tmp/KuduLite/Kudu.Core/Infrastructure/ProcessExtensions.cs:line 200
   at Kudu.Core.Infrastructure.Executable.ExecuteAsync(ITracer tracer, String arguments, Stream output, Stream error, CancellationToken token, Stream input, IdleManager idleManager) in /tmp/KuduLite/Kudu.Core/Infrastructure/Executable.cs:line 261" /><!-- duration: 8ms -->
          </step><!-- duration: 7370ms -->
          <step title="Reloading status file with latest updates" date="2025-12-10T10:29:36.248" >
            <step title="WebHooksManager.PublishEventAsync: PostDeployment" date="2025-12-10T10:29:36.257" /><!-- duration: 97ms -->
          </step><!-- duration: 112ms -->
          <step title="Error occurred" date="2025-12-10T10:29:36.367" type="error" text="One or more errors occurred. (An error occurred trying to start process &apos;/bin/bash&apos; with working directory &apos;/tmp/zipdeploy/extracted&apos;. No such file or directory)" stackTrace="   at System.Threading.Tasks.Task`1.GetResultCore(Boolean waitCompletionNotification)
   at Kudu.Core.Infrastructure.Executable.ExecuteInternal(ITracer tracer, Func`2 onWriteOutput, Func`2 onWriteError, CancellationToken token, Encoding encoding, String arguments, Object[] args) in /tmp/KuduLite/Kudu.Core/Infrastructure/Executable.cs:line 212
   at Kudu.Core.Infrastructure.Executable.ExecuteWithProgressWriter(ILogger logger, ITracer tracer, CancellationToken token, String arguments, Object[] args) in /tmp/KuduLite/Kudu.Core/Infrastructure/Executable.cs:line 118
   at Kudu.Core.Deployment.Generator.ExternalCommandBuilder.RunCommand(DeploymentContext context, String command, Boolean ignoreManifest, CancellationToken token, String message) in /tmp/KuduLite/Kudu.Core/Deployment/Generator/ExternalCommandBuilder.cs:line 122
   at Kudu.Core.Deployment.Generator.OryxBuilder.RunBuildCommand(IOryxArguments args, DeploymentContext context, CancellationToken token) in /tmp/KuduLite/Kudu.Core/Deployment/Generator/OryxBuilder.cs:line 295
   at Kudu.Core.Deployment.Generator.OryxBuilder.Build(DeploymentContext context, CancellationToken token) in /tmp/KuduLite/Kudu.Core/Deployment/Generator/OryxBuilder.cs:line 136
   at Kudu.Core.Deployment.DeploymentManager.Build(ChangeSet changeSet, ITracer tracer, IDisposable deployStep, IRepository repository, DeploymentInfoBase deploymentInfo, DeploymentAnalytics deploymentAnalytics, Boolean fullBuildByDefault, CancellationToken cancellationToken) in /tmp/KuduLite/Kudu.Core/Deployment/DeploymentManager.cs:line 771
   at Kudu.Core.Deployment.DeploymentManager.Build(ChangeSet changeSet, ITracer tracer, IDisposable deployStep, IRepository repository, DeploymentInfoBase deploymentInfo, DeploymentAnalytics deploymentAnalytics, Boolean fullBuildByDefault, CancellationToken cancellationToken) in /tmp/KuduLite/Kudu.Core/Deployment/DeploymentManager.cs:line 840
   at Kudu.Core.Deployment.DeploymentManager.DeployAsync(IRepository repository, ChangeSet changeSet, String deployer, Boolean clean, DeploymentInfoBase deploymentInfo, Boolean needFileUpdate, Boolean fullBuildByDefault) in /tmp/KuduLite/Kudu.Core/Deployment/DeploymentManager.cs:line 266" innerText="An error occurred trying to start process &apos;/bin/bash&apos; with working directory &apos;/tmp/zipdeploy/extracted&apos;. No such file or directory" innerStackTrace="   at System.Diagnostics.Process.ForkAndExecProcess(ProcessStartInfo startInfo, String resolvedFilename, String[] argv, String[] envp, String cwd, Boolean setCredentials, UInt32 userId, UInt32 groupId, UInt32[] groups, Int32&amp; stdinFd, Int32&amp; stdoutFd, Int32&amp; stderrFd, Boolean usesTerminal, Boolean throwOnNoExec)
   at System.Diagnostics.Process.StartCore(ProcessStartInfo startInfo)
   at Kudu.Core.Infrastructure.ProcessExtensions.Start(IProcess process, ITracer tracer, Stream output, Stream error, Stream input, IdleManager idleManager) in /tmp/KuduLite/Kudu.Core/Infrastructure/ProcessExtensions.cs:line 200
   at Kudu.Core.Infrastructure.Executable.ExecuteAsync(ITracer tracer, String arguments, Stream output, Stream error, CancellationToken token, Stream input, IdleManager idleManager) in /tmp/KuduLite/Kudu.Core/Infrastructure/Executable.cs:line 261" /><!-- duration: 8ms -->
          <step title="Could not find status file to mark the deployment failed" date="2025-12-10T10:29:36.471" /><!-- duration: 12ms -->
        </step><!-- duration: 10803ms -->
      </step><!-- duration: 10857ms -->
      <step title="Error occurred" date="2025-12-10T10:29:36.582" type="error" text="Deployment failed" stackTrace="   at Kudu.Core.Deployment.DeploymentManager.DeployAsync(IRepository repository, ChangeSet changeSet, String deployer, Boolean clean, DeploymentInfoBase deploymentInfo, Boolean needFileUpdate, Boolean fullBuildByDefault) in /tmp/KuduLite/Kudu.Core/Deployment/DeploymentManager.cs:line 307
   at Kudu.Core.Deployment.FetchDeploymentManager.PerformDeployment(DeploymentInfoBase deploymentInfo, IDisposable tempDeployment, ChangeSet tempChangeSet, DeployStatusApiResult updateStatusObj) in /tmp/KuduLite/Kudu.Core/Deployment/FetchDeploymentManager.cs:line 230
   at Kudu.Core.Deployment.FetchDeploymentManager.&lt;&gt;c__DisplayClass17_0.&lt;&lt;FetchDeploy&gt;b__0&gt;d.MoveNext() in /tmp/KuduLite/Kudu.Core/Deployment/FetchDeploymentManager.cs:line 131
--- End of stack trace from previous location ---
   at Kudu.Core.Deployment.FetchDeploymentManager.FetchDeploy(DeploymentInfoBase deployInfo, Boolean asyncRequested, Uri requestUri, String targetBranch) in /tmp/KuduLite/Kudu.Core/Deployment/FetchDeploymentManager.cs:line 124
   at Kudu.Services.Deployment.PushDeploymentController.PushDeployAsync(ArtifactDeploymentInfo deploymentInfo, Boolean isAsync, HttpContext context, JObject requestJson) in /tmp/KuduLite/Kudu.Services/Deployment/PushDeploymentController.cs:line 802
   at Kudu.Services.Deployment.PushDeploymentController.OneDeploy(String type, Boolean async, String path, Nullable`1 restart, Nullable`1 clean, Boolean ignoreStack, Boolean trackDeploymentProgress, Boolean trackStatus, Boolean reset) in /tmp/KuduLite/Kudu.Services/Deployment/PushDeploymentController.cs:line 624
   at Microsoft.AspNetCore.Mvc.Infrastructure.ActionMethodExecutor.TaskOfIActionResultExecutor.Execute(ActionContext actionContext, IActionResultTypeMapper mapper, ObjectMethodExecutor executor, Object controller, Object[] arguments)
   at Microsoft.AspNetCore.Mvc.Infrastructure.ControllerActionInvoker.&lt;InvokeActionMethodAsync&gt;g__Awaited|12_0(ControllerActionInvoker invoker, ValueTask`1 actionResultValueTask)
   at Microsoft.AspNetCore.Mvc.Infrastructure.ControllerActionInvoker.&lt;InvokeNextActionFilterAsync&gt;g__Awaited|10_0(ControllerActionInvoker invoker, Task lastTask, State next, Scope scope, Object state, Boolean isCompleted)
   at Microsoft.AspNetCore.Mvc.Infrastructure.ControllerActionInvoker.Rethrow(ActionExecutedContextSealed context)
   at Microsoft.AspNetCore.Mvc.Infrastructure.ControllerActionInvoker.Next(State&amp; next, Scope&amp; scope, Object&amp; state, Boolean&amp; isCompleted)
   at Microsoft.AspNetCore.Mvc.Infrastructure.ControllerActionInvoker.&lt;InvokeInnerFilterAsync&gt;g__Awaited|13_0(ControllerActionInvoker invoker, Task lastTask, State next, Scope scope, Object state, Boolean isCompleted)
   at Microsoft.AspNetCore.Mvc.Infrastructure.ResourceInvoker.&lt;InvokeNextResourceFilter&gt;g__Awaited|25_0(ResourceInvoker invoker, Task lastTask, State next, Scope scope, Object state, Boolean isCompleted)
   at Microsoft.AspNetCore.Mvc.Infrastructure.ResourceInvoker.Rethrow(ResourceExecutedContextSealed context)
   at Microsoft.AspNetCore.Mvc.Infrastructure.ResourceInvoker.Next(State&amp; next, Scope&amp; scope, Object&amp; state, Boolean&amp; isCompleted)
   at Microsoft.AspNetCore.Mvc.Infrastructure.ResourceInvoker.&lt;InvokeFilterPipelineAsync&gt;g__Awaited|20_0(ResourceInvoker invoker, Task lastTask, State next, Scope scope, Object state, Boolean isCompleted)
   at Microsoft.AspNetCore.Mvc.Infrastructure.ResourceInvoker.&lt;InvokeAsync&gt;g__Awaited|17_0(ResourceInvoker invoker, Task task, IDisposable scope)
   at Microsoft.AspNetCore.Mvc.Infrastructure.ResourceInvoker.&lt;InvokeAsync&gt;g__Awaited|17_0(ResourceInvoker invoker, Task task, IDisposable scope)
   at Microsoft.AspNetCore.Builder.RouterMiddleware.Invoke(HttpContext httpContext)
   at Kudu.Services.Web.Tracing.TraceMiddleware.Invoke(HttpContext context) in /tmp/KuduLite/Kudu.Services.Web/Tracing/TraceMiddleware.cs:line 101" innerText="One or more errors occurred. (An error occurred trying to start process &apos;/bin/bash&apos; with working directory &apos;/tmp/zipdeploy/extracted&apos;. No such file or directory)" innerStackTrace="   at System.Threading.Tasks.Task`1.GetResultCore(Boolean waitCompletionNotification)
   at Kudu.Core.Infrastructure.Executable.ExecuteInternal(ITracer tracer, Func`2 onWriteOutput, Func`2 onWriteError, CancellationToken token, Encoding encoding, String arguments, Object[] args) in /tmp/KuduLite/Kudu.Core/Infrastructure/Executable.cs:line 212
   at Kudu.Core.Infrastructure.Executable.ExecuteWithProgressWriter(ILogger logger, ITracer tracer, CancellationToken token, String arguments, Object[] args) in /tmp/KuduLite/Kudu.Core/Infrastructure/Executable.cs:line 118
   at Kudu.Core.Deployment.Generator.ExternalCommandBuilder.RunCommand(DeploymentContext context, String command, Boolean ignoreManifest, CancellationToken token, String message) in /tmp/KuduLite/Kudu.Core/Deployment/Generator/ExternalCommandBuilder.cs:line 122
   at Kudu.Core.Deployment.Generator.OryxBuilder.RunBuildCommand(IOryxArguments args, DeploymentContext context, CancellationToken token) in /tmp/KuduLite/Kudu.Core/Deployment/Generator/OryxBuilder.cs:line 295
   at Kudu.Core.Deployment.Generator.OryxBuilder.Build(DeploymentContext context, CancellationToken token) in /tmp/KuduLite/Kudu.Core/Deployment/Generator/OryxBuilder.cs:line 136
   at Kudu.Core.Deployment.DeploymentManager.Build(ChangeSet changeSet, ITracer tracer, IDisposable deployStep, IRepository repository, DeploymentInfoBase deploymentInfo, DeploymentAnalytics deploymentAnalytics, Boolean fullBuildByDefault, CancellationToken cancellationToken) in /tmp/KuduLite/Kudu.Core/Deployment/DeploymentManager.cs:line 771
   at Kudu.Core.Deployment.DeploymentManager.Build(ChangeSet changeSet, ITracer tracer, IDisposable deployStep, IRepository repository, DeploymentInfoBase deploymentInfo, DeploymentAnalytics deploymentAnalytics, Boolean fullBuildByDefault, CancellationToken cancellationToken) in /tmp/KuduLite/Kudu.Core/Deployment/DeploymentManager.cs:line 840
   at Kudu.Core.Deployment.DeploymentManager.DeployAsync(IRepository repository, ChangeSet changeSet, String deployer, Boolean clean, DeploymentInfoBase deploymentInfo, Boolean needFileUpdate, Boolean fullBuildByDefault) in /tmp/KuduLite/Kudu.Core/Deployment/DeploymentManager.cs:line 266" /><!-- duration: 41ms -->
      <step title="Incoming Request" date="2025-12-10T10:29:36.743" url="/Error?type=zip" method="POST" type="request" pid="837,1,18" Accept="*/*" Host="lims-preview-360.scm.azurewebsites.net" User-Agent="AZURECLI/2.80.0 (MSI)" Accept-Encoding="gzip, deflate" Authorization="Bea..." Cache-Control="no-cache" Content-Type="application/octet-stream" Cookie="ARRAffinity=220123e6e205079d6596b96940a643fd9ef5ed2296fb26a26a4eac0875cf97c5; ARRAffinitySameSite=220123e6e205079d6596b96940a643fd9ef5ed2296fb26a26a4eac0875cf97c5" Content-Length="333619375" x-ms-client-request-id="a92e0deb-d5b2-11f0-adb6-f4a80dcb9cc7" x-ms-artifact-checksum="69187ae9c72363af89d6c799f22b294bfedc582617b9908d00c1396ae5f88eba" X-ARR-LOG-ID="a92e0deb-d5b2-11f0-adb6-f4a80dcb9cc7" CLIENT-IP="197.231.173.251:51833" X-SITE-DEPLOYMENT-ID="lims-preview-360" WAS-DEFAULT-HOSTNAME="lims-preview-360.scm.azurewebsites.net" X-Forwarded-Proto="https" X-AppService-Proto="https" X-Forwarded-TlsVersion="1.3" X-WAWS-Unencoded-URL="/api/publish?type=zip" X-Client-IP="197.231.173.251" X-Client-Port="51833" >
        <step title="Outgoing response" date="2025-12-10T10:29:36.952" type="response" statusCode="400" statusText="BadRequest" /><!-- duration: 13ms -->
      </step><!-- duration: 268ms -->
