<step title="Incoming Request" date="2025-12-10T10:29:23.529" instance="220123" url="/api/publish?type=zip" method="POST" type="request" pid="837,1,3" Accept="*/*" Host="lims-preview-360.scm.azurewebsites.net" User-Agent="AZURECLI/2.80.0 (MSI)" Accept-Encoding="gzip, deflate" Authorization="Bea..." Cache-Control="no-cache" Content-Type="application/octet-stream" Cookie="ARRAffinity=220123e6e205079d6596b96940a643fd9ef5ed2296fb26a26a4eac0875cf97c5; ARRAffinitySameSite=220123e6e205079d6596b96940a643fd9ef5ed2296fb26a26a4eac0875cf97c5" Content-Length="2087" x-ms-client-request-id="0fd6a0d6-d5b3-11f0-a26e-f4a80dcb9cc7" x-ms-artifact-checksum="a123fc428b80faa759ae60f93fc236c08eaf69e09b4f26c9ca13eb837834d219" X-ARR-LOG-ID="0fd6a0d6-d5b3-11f0-a26e-f4a80dcb9cc7" CLIENT-IP="197.231.173.251:52689" X-SITE-DEPLOYMENT-ID="lims-preview-360" WAS-DEFAULT-HOSTNAME="lims-preview-360.scm.azurewebsites.net" X-Forwarded-Proto="https" X-AppService-Proto="https" X-Forwarded-TlsVersion="1.3" X-WAWS-Unencoded-URL="/api/publish?type=zip" X-Client-IP="197.231.173.251" X-Client-Port="52689" >
  <step title="Cleanup Xml Logs" date="2025-12-10T10:29:23.538" /><!-- duration: 45ms -->
  <step title="OneDeploy" date="2025-12-10T10:29:23.612" >
    <step title="Starting PushDeployAsync" date="2025-12-10T10:29:23.638" /><!-- duration: 10ms -->
    <step title="Writing artifact to /tmp/zipdeploy/e780748a-ca20-43f7-bc0a-4421bec6eea6.zip" date="2025-12-10T10:29:23.673" >
      <step title="Writing multipart request body to /tmp/zipdeploy/e780748a-ca20-43f7-bc0a-4421bec6eea6.zip" date="2025-12-10T10:29:23.679" /><!-- duration: 9ms -->
    </step><!-- duration: 43ms -->
    <step title="Attempting to fetch target branch HEAD" date="2025-12-10T10:29:23.731" /><!-- duration: 7ms -->
    <step title="Acquiring Deployment Lock" date="2025-12-10T10:29:23.745" /><!-- duration: 13ms -->
    <step title="Acquired Deployment Lock" date="2025-12-10T10:29:23.900" /><!-- duration: 7ms -->
    <step title="Performing fetch based deployment" date="2025-12-10T10:29:23.919" >
      <step title="Creating temporary deployment" date="2025-12-10T10:29:23.928" /><!-- duration: 103ms -->
      <step title="Releasing Deployment Lock" date="2025-12-10T10:29:25.278" /><!-- duration: 11ms -->
      <step title="Cleaning up temp folders from previous zip deployments and extracting pushed zip file /tmp/zipdeploy/e780748a-ca20-43f7-bc0a-4421bec6eea6.zip (0.00 MB) to /tmp/zipdeploy/extracted" date="2025-12-10T10:29:25.394" >
        <step title="ChmodRecursive Process exited with total time taken in ms: 41" date="2025-12-10T10:29:34.392" /><!-- duration: 27ms -->
      </step><!-- duration: 9050ms -->
      <step title="None repository commit" date="2025-12-10T10:29:34.454" >
        <step title="Commit id: fad7671e-7bda-4654-8988-e34c5283c9e2" date="2025-12-10T10:29:34.460" Message="OneDeploy" AuthorName="N/A" AuthorEmail="N/A" /><!-- duration: 10ms -->
      </step><!-- duration: 28ms -->
      <step title="Deployment timer started" date="2025-12-10T10:29:36.508" >
        <step title="DeploymentManager.Deploy(id:fad7671e-7bda-4654-8988-e34c5283c9e2)" date="2025-12-10T10:29:36.521" >
          <step title="Collecting changeset information" date="2025-12-10T10:29:36.614" /><!-- duration: 296ms -->
          <step title="Updating submodules" date="2025-12-10T10:29:36.961" /><!-- duration: 1293ms -->
          <step title="Determining deployment builder" date="2025-12-10T10:29:38.536" >
            <step title="Builder is OryxBuilder" date="2025-12-10T10:29:38.555" /><!-- duration: 7ms -->
          </step><!-- duration: 33ms -->
          <step title="PreDeployment: context.CleanOutputPath False" date="2025-12-10T10:29:38.643" >
            <step title="PreDeployment: context.OutputPath /home/site/wwwroot" date="2025-12-10T10:29:38.867" >
              <step title="Building" date="2025-12-10T10:29:39.217" >
                <step title="Executing external process" date="2025-12-10T10:29:40.453" type="process" path="bash" arguments="-c &quot;oryx build /tmp/zipdeploy/extracted -o /home/site/wwwroot --platform nodejs --platform-version 20 -p virtualenv_name= --log-file /tmp/build-debug.log  -i /tmp/8de37d705aaf41c -p compress_node_modules=tar-gz | tee /tmp/oryx-build.log ; exit $PIPESTATUS &quot;" >
                  <step title="Cpu: npm install(1062,27.170s)+build.sh(957,0.050s)+oryx(938,4.610s)+tee(939,0.000s)+bash(937,0.010s)=total(31.780s)" date="2025-12-10T10:31:01.522" /><!-- duration: 9ms -->
                  <step title="bash: no io activity for 60s, prev-cpu=-1.000s, current-cpu=31.780s" date="2025-12-10T10:31:01.602" /><!-- duration: 50ms -->
                  <step title="Cpu: npm install(1062,50.480s)+build.sh(957,0.050s)+oryx(938,4.850s)+tee(939,0.000s)+bash(937,0.010s)=total(55.370s)" date="2025-12-10T10:32:02.068" /><!-- duration: 77ms -->
                  <step title="bash: no io activity for 121s, prev-cpu=31.780s, current-cpu=55.370s" date="2025-12-10T10:32:02.195" /><!-- duration: 23ms -->
                  <step title="Cpu: npm install(1062,70.090s)+build.sh(957,0.050s)+oryx(938,5.260s)+tee(939,0.000s)+bash(937,0.010s)=total(75.400s)" date="2025-12-10T10:33:02.777" /><!-- duration: 11ms -->
                  <step title="bash: no io activity for 182s, prev-cpu=55.370s, current-cpu=75.400s" date="2025-12-10T10:33:02.808" /><!-- duration: 36ms -->
                  <step title="Cpu: npm install(1062,109.200s)+build.sh(957,0.050s)+oryx(938,6.900s)+tee(939,0.000s)+bash(937,0.010s)=total(116.140s)" date="2025-12-10T10:35:38.462" /><!-- duration: 58ms -->
                  <step title="bash: no io activity for 61s, prev-cpu=-1.000s, current-cpu=116.140s" date="2025-12-10T10:35:38.590" /><!-- duration: 99ms -->
                  <step title="Cpu: npm install(1062,130.070s)+build.sh(957,0.050s)+oryx(938,7.240s)+tee(939,0.000s)+bash(937,0.010s)=total(137.370s)" date="2025-12-10T10:36:40.277" /><!-- duration: 38ms -->
                  <step title="bash: no io activity for 123s, prev-cpu=116.140s, current-cpu=137.370s" date="2025-12-10T10:36:40.397" /><!-- duration: 60ms -->
                  <step title="Cpu: node(1281,0.520s)+sh(1280,0.030s)+npm install(1062,133.170s)+build.sh(957,0.050s)+oryx(938,8.070s)+tee(939,0.000s)+bash(937,0.010s)=total(141.840s)" date="2025-12-10T10:37:41.855" /><!-- duration: 10ms -->
                  <step title="bash: no io activity for 184s, prev-cpu=137.370s, current-cpu=141.840s" date="2025-12-10T10:37:41.925" /><!-- duration: 99ms -->
