<step title="Incoming Request" date="2025-12-10T09:50:41.813" instance="220123" url="/api/zipdeploy?isAsync=true" method="POST" type="request" pid="832,1,3" Accept="*/*" Host="lims-preview-360.scm.azurewebsites.net" User-Agent="AZURECLI/2.80.0 (MSI)" Accept-Encoding="gzip, deflate" Authorization="Bea..." Cache-Control="no-cache" Content-Type="application/octet-stream" Content-Length="333619375" x-ms-client-request-id="a993328a-d5ad-11f0-af55-f4a80dcb9cc7" x-ms-artifact-checksum="69187ae9c72363af89d6c799f22b294bfedc582617b9908d00c1396ae5f88eba" X-ARR-LOG-ID="a993328a-d5ad-11f0-af55-f4a80dcb9cc7" CLIENT-IP="197.231.173.251:54867" X-SITE-DEPLOYMENT-ID="lims-preview-360" WAS-DEFAULT-HOSTNAME="lims-preview-360.scm.azurewebsites.net" X-Forwarded-Proto="https" X-AppService-Proto="https" X-Forwarded-TlsVersion="1.3" X-WAWS-Unencoded-URL="/api/zipdeploy?isAsync=true" X-Client-IP="197.231.173.251" X-Client-Port="54867" >
  <step title="ZipPushDeploy" date="2025-12-10T09:50:44.209" >
    <step title="ZipDeploy. Extract zip. Remote build." date="2025-12-10T09:50:44.279" /><!-- duration: 38ms -->
    <step title="None repository commit" date="2025-12-10T09:50:44.388" >
      <step title="Commit id: 7ec8691e-961b-41ee-b6ec-18f878269d1a" date="2025-12-10T09:50:44.426" Message="N/A" AuthorName="N/A" AuthorEmail="N/A" /><!-- duration: 13ms -->
    </step><!-- duration: 87ms -->
    <step title="Starting PushDeployAsync" date="2025-12-10T09:50:44.507" /><!-- duration: 20ms -->
    <step title="Writing artifact to /tmp/zipdeploy/ce3daed5-4c12-49c8-b452-aa214b9e33d3.zip" date="2025-12-10T09:50:44.829" >
      <step title="Writing multipart request body to /tmp/zipdeploy/ce3daed5-4c12-49c8-b452-aa214b9e33d3.zip" date="2025-12-10T09:50:44.868" /><!-- duration: 39ms -->
    </step><!-- duration: 61094ms -->
    <step title="Start deployment in the background" date="2025-12-10T09:51:46.018" >
      <step title="Acquiring Deployment Lock" date="2025-12-10T09:51:46.099" /><!-- duration: 17ms -->
      <step title="Acquired Deployment Lock" date="2025-12-10T09:51:46.315" /><!-- duration: 6ms -->
    </step><!-- duration: 447ms -->
  </step><!-- duration: 62283ms -->
  <step title="Outgoing response" date="2025-12-10T09:51:46.529" type="response" statusCode="202" statusText="Accepted" /><!-- duration: 6ms -->
</step><!-- duration: 64727ms -->
