<step title="Incoming Request" date="2025-12-10T11:10:16.522" instance="220123" url="/api/zipdeploy?isAsync=true" method="POST" type="request" pid="838,1,26" Accept="*/*" Host="lims-preview-360.scm.azurewebsites.net" User-Agent="AZURECLI/2.80.0 (MSI)" Accept-Encoding="gzip, deflate" Authorization="Bea..." Cache-Control="no-cache" Content-Type="application/octet-stream" Content-Length="838138729" x-ms-client-request-id="afd80de9-d5b8-11f0-a8d5-f4a80dcb9cc7" x-ms-artifact-checksum="0802682288721cc05765c047085dda1f345200719a43f174e1cfb3e02bf4d44d" X-ARR-LOG-ID="afd80de9-d5b8-11f0-a8d5-f4a80dcb9cc7" CLIENT-IP="197.231.173.251:62916" X-SITE-DEPLOYMENT-ID="lims-preview-360" WAS-DEFAULT-HOSTNAME="lims-preview-360.scm.azurewebsites.net" X-Forwarded-Proto="https" X-AppService-Proto="https" X-Forwarded-TlsVersion="1.3" X-WAWS-Unencoded-URL="/api/zipdeploy?isAsync=true" X-Client-IP="197.231.173.251" X-Client-Port="62916" >
  <step title="Cleanup Xml Logs" date="2025-12-10T11:10:16.542" /><!-- duration: 21ms -->
  <step title="ZipPushDeploy" date="2025-12-10T11:10:16.636" >
    <step title="ZipDeploy. Extract zip. Remote build." date="2025-12-10T11:10:16.652" /><!-- duration: 15ms -->
    <step title="Starting PushDeployAsync" date="2025-12-10T11:10:16.677" /><!-- duration: 6ms -->
    <step title="Writing artifact to /tmp/zipdeploy/c5cd4415-cfa0-42e0-9bcb-38ade68cf67d.zip" date="2025-12-10T11:10:16.705" >
      <step title="Writing multipart request body to /tmp/zipdeploy/c5cd4415-cfa0-42e0-9bcb-38ade68cf67d.zip" date="2025-12-10T11:10:16.712" /><!-- duration: 12ms -->
    </step><!-- duration: 87802ms -->
    <step title="Start deployment in the background" date="2025-12-10T11:11:44.593" >
      <step title="Acquiring Deployment Lock" date="2025-12-10T11:11:44.669" /><!-- duration: 6ms -->
      <step title="Acquired Deployment Lock" date="2025-12-10T11:11:44.758" /><!-- duration: 10ms -->
    </step><!-- duration: 327ms -->
  </step><!-- duration: 88306ms -->
  <step title="Outgoing response" date="2025-12-10T11:11:44.953" type="response" statusCode="202" statusText="Accepted" /><!-- duration: 6ms -->
</step><!-- duration: 88444ms -->
