<step title="Incoming Request" date="2025-12-10T09:52:46.436" instance="220123" url="/api/zipdeploy?isAsync=true" method="POST" type="request" pid="832,1,24" Accept="*/*" Host="lims-preview-360.scm.azurewebsites.net" User-Agent="AZURECLI/2.80.0 (MSI)" Accept-Encoding="gzip, deflate" Authorization="Bea..." Cache-Control="no-cache" Content-Type="application/octet-stream" Content-Length="495531783" x-ms-client-request-id="cc59e2a4-d5ad-11f0-b334-f4a80dcb9cc7" x-ms-artifact-checksum="6423030352d1dd8cba942685d82340b902b383ad7c901d14c704c18f5ae588e6" X-ARR-LOG-ID="cc59e2a4-d5ad-11f0-b334-f4a80dcb9cc7" CLIENT-IP="197.231.173.251:61403" X-SITE-DEPLOYMENT-ID="lims-preview-360" WAS-DEFAULT-HOSTNAME="lims-preview-360.scm.azurewebsites.net" X-Forwarded-Proto="https" X-AppService-Proto="https" X-Forwarded-TlsVersion="1.3" X-WAWS-Unencoded-URL="/api/zipdeploy?isAsync=true" X-Client-IP="197.231.173.251" X-Client-Port="61403" >
  <step title="Cleanup Xml Logs" date="2025-12-10T09:52:46.442" /><!-- duration: 47ms -->
  <step title="ZipPushDeploy" date="2025-12-10T09:52:46.621" >
    <step title="ZipDeploy. Extract zip. Remote build." date="2025-12-10T09:52:46.639" /><!-- duration: 6ms -->
    <step title="Starting PushDeployAsync" date="2025-12-10T09:52:46.654" /><!-- duration: 5ms -->
    <step title="Writing artifact to /tmp/zipdeploy/da441924-eec0-4536-9282-5cc2066f9be9.zip" date="2025-12-10T09:52:46.684" >
      <step title="Writing multipart request body to /tmp/zipdeploy/da441924-eec0-4536-9282-5cc2066f9be9.zip" date="2025-12-10T09:52:46.690" /><!-- duration: 14ms -->
    </step><!-- duration: 119742ms -->
    <step title="Start deployment in the background" date="2025-12-10T09:54:46.497" >
      <step title="Acquiring Deployment Lock" date="2025-12-10T09:54:46.547" /><!-- duration: 8ms -->
      <step title="Acquired Deployment Lock" date="2025-12-10T09:54:46.600" /><!-- duration: 7ms -->
    </step><!-- duration: 231ms -->
  </step><!-- duration: 120123ms -->
  <step title="Outgoing response" date="2025-12-10T09:54:46.758" type="response" statusCode="202" statusText="Accepted" /><!-- duration: 6ms -->
</step><!-- duration: 120334ms -->
