<step title="BackgroundTrace" date="2025-12-10T08:24:54.333" instance="220123" url="/api/zipdeploy" method="POST" >
  <step title="Cleanup Xml Logs" date="2025-12-10T08:24:54.338" /><!-- duration: 11ms -->
  <step title="Creating temporary deployment - FetchDeploymentManager" date="2025-12-10T08:24:54.459" /><!-- duration: 6ms -->
  <step title="Creating temporary deployment" date="2025-12-10T08:24:54.472" /><!-- duration: 160ms -->
  <step title="Performing fetch based deployment" date="2025-12-10T08:24:54.825" >
    <step title="Deployment timer started" date="2025-12-10T08:24:58.243" >
      <step title="DeploymentManager.Deploy(id:0e6835be-4ba0-4309-ad81-56a5d4343a90)" date="2025-12-10T08:24:58.332" >
        <step title="Collecting changeset information" date="2025-12-10T08:24:58.463" /><!-- duration: 257ms -->
        <step title="Updating submodules" date="2025-12-10T08:24:58.731" /><!-- duration: 1626ms -->
        <step title="Determining deployment builder" date="2025-12-10T08:25:00.794" >
          <step title="Builder is RunFromZipSiteBuilder" date="2025-12-10T08:25:00.948" /><!-- duration: 12ms -->
        </step><!-- duration: 252ms -->
        <step title="PreDeployment: context.CleanOutputPath False" date="2025-12-10T08:25:01.312" >
          <step title="PreDeployment: context.OutputPath /home/site/wwwroot" date="2025-12-10T08:25:01.552" >
            <step title="Building" date="2025-12-10T08:25:01.898" >
              <step title="Triggering recycle (preview mode disabled)." date="2025-12-10T08:25:04.292" /><!-- duration: 40ms -->
              <step title="Modified file to trigger a restart of the app container." date="2025-12-10T08:25:04.449" /><!-- duration: 23ms -->
              <step title="Skip function trigger and logicapp sync because function is not enabled." date="2025-12-10T08:25:04.532" /><!-- duration: 19ms -->
            </step><!-- duration: 5618ms -->
          </step><!-- duration: 6014ms -->
          <step title="Cleaning up temp files" date="2025-12-10T08:25:07.588" /><!-- duration: 39ms -->
          <step title="Cleaning up temp files" date="2025-12-10T08:25:07.658" /><!-- duration: 523ms -->
          <step title="Reloading status file with latest updates" date="2025-12-10T08:25:08.977" >
            <step title="WebHooksManager.PublishEventAsync: PostDeployment" date="2025-12-10T08:25:09.016" /><!-- duration: 401ms -->
          </step><!-- duration: 461ms -->
          <step title="Cleaning up temporary deployment - fetch deployment was successful" date="2025-12-10T08:25:09.536" /><!-- duration: 23ms -->
        </step><!-- duration: 8555ms -->
      </step><!-- duration: 11686ms -->
