﻿<?xml version="1.0" encoding="utf-8"?>
<deployment>
  <id>29a1cb38-9360-420d-b4af-9e112c351556</id>
  <author>N/A</author>
  <deployer>Push-Deployer</deployer>
  <authorEmail>N/A</authorEmail>
  <message>Created via a push deployment</message>
  <progress></progress>
  <status>Failed</status>
  <statusText></statusText>
  <lastSuccessEndTime />
  <receivedTime>2025-12-10T11:12:12.0868755Z</receivedTime>
  <startTime>2025-12-10T11:12:14.0470643Z</startTime>
  <endTime>2025-12-10T11:12:17.2826953Z</endTime>
  <complete>True</complete>
  <is_temp>False</is_temp>
  <is_readonly>True</is_readonly>
  <buildSummary />
</deployment>