﻿<?xml version="1.0" encoding="utf-8"?>
<deployment>
  <id>63944f64-da75-408e-b020-35f8128128ff</id>
  <author>N/A</author>
  <deployer>OneDeploy</deployer>
  <authorEmail>N/A</authorEmail>
  <message>OneDeploy</message>
  <progress></progress>
  <status>Failed</status>
  <statusText></statusText>
  <lastSuccessEndTime />
  <receivedTime>2025-12-10T09:09:14.9992533Z</receivedTime>
  <startTime>2025-12-10T09:09:17.3252632Z</startTime>
  <endTime>2025-12-10T09:09:44.7191986Z</endTime>
  <complete>True</complete>
  <is_temp>False</is_temp>
  <is_readonly>True</is_readonly>
  <buildSummary />
</deployment>