<step title="Incoming Request" date="2025-12-10T10:26:32.547" instance="220123" url="/api/publish?type=zip" method="POST" type="request" pid="837,1,7" Accept="*/*" Host="lims-preview-360.scm.azurewebsites.net" User-Agent="AZURECLI/2.80.0 (MSI)" Accept-Encoding="gzip, deflate" Authorization="Bea..." Cache-Control="no-cache" Content-Type="application/octet-stream" Cookie="ARRAffinity=220123e6e205079d6596b96940a643fd9ef5ed2296fb26a26a4eac0875cf97c5; ARRAffinitySameSite=220123e6e205079d6596b96940a643fd9ef5ed2296fb26a26a4eac0875cf97c5" Content-Length="333619375" x-ms-client-request-id="a92e0deb-d5b2-11f0-adb6-f4a80dcb9cc7" x-ms-artifact-checksum="69187ae9c72363af89d6c799f22b294bfedc582617b9908d00c1396ae5f88eba" X-ARR-LOG-ID="a92e0deb-d5b2-11f0-adb6-f4a80dcb9cc7" CLIENT-IP="197.231.173.251:51833" X-SITE-DEPLOYMENT-ID="lims-preview-360" WAS-DEFAULT-HOSTNAME="lims-preview-360.scm.azurewebsites.net" X-Forwarded-Proto="https" X-AppService-Proto="https" X-Forwarded-TlsVersion="1.3" X-WAWS-Unencoded-URL="/api/publish?type=zip" X-Client-IP="197.231.173.251" X-Client-Port="51833" >
  <step title="Cleanup Xml Logs" date="2025-12-10T10:26:32.553" /><!-- duration: 16ms -->
  <step title="OneDeploy" date="2025-12-10T10:26:33.130" >
    <step title="None repository commit" date="2025-12-10T10:26:33.240" >
      <step title="Commit id: 51740a7b-5bca-4161-a505-a7751d77da03" date="2025-12-10T10:26:33.273" Message="N/A" AuthorName="N/A" AuthorEmail="N/A" /><!-- duration: 17ms -->
    </step><!-- duration: 63ms -->
    <step title="Starting PushDeployAsync" date="2025-12-10T10:26:33.331" /><!-- duration: 7ms -->
    <step title="Writing artifact to /tmp/zipdeploy/2b4e9f16-5c1e-412a-8a75-98d5cb97ea33.zip" date="2025-12-10T10:26:33.374" >
      <step title="Writing multipart request body to /tmp/zipdeploy/2b4e9f16-5c1e-412a-8a75-98d5cb97ea33.zip" date="2025-12-10T10:26:33.383" /><!-- duration: 22ms -->
    </step><!-- duration: 63515ms -->
    <step title="Attempting to fetch target branch HEAD" date="2025-12-10T10:27:37.000" /><!-- duration: 6ms -->
    <step title="Acquiring Deployment Lock" date="2025-12-10T10:27:37.023" /><!-- duration: 7ms -->
    <step title="Acquired Deployment Lock" date="2025-12-10T10:27:37.112" /><!-- duration: 6ms -->
    <step title="Performing fetch based deployment" date="2025-12-10T10:27:37.135" >
      <step title="Creating temporary deployment" date="2025-12-10T10:27:37.142" /><!-- duration: 173ms -->
      <step title="Releasing Deployment Lock" date="2025-12-10T10:27:38.543" /><!-- duration: 11ms -->
      <step title="Cleaning up temp folders from previous zip deployments and extracting pushed zip file /tmp/zipdeploy/2b4e9f16-5c1e-412a-8a75-98d5cb97ea33.zip (318.16 MB) to /tmp/zipdeploy/extracted" date="2025-12-10T10:27:38.609" 