<step title="Incoming Request" date="2025-12-10T08:24:23.654" instance="220123" url="/api/zipdeploy?isAsync=true" method="POST" type="request" pid="834,1,16" Accept="*/*" Host="lims-preview-360.scm.azurewebsites.net" User-Agent="AZURECLI/2.80.0 (MSI)" Accept-Encoding="gzip, deflate" Authorization="Bea..." Cache-Control="no-cache" Content-Type="application/octet-stream" Content-Length="116615173" x-ms-client-request-id="9cd847e6-d5a1-11f0-b962-f4a80dcb9cc7" x-ms-artifact-checksum="3a697e3fe6d1a80aab22b8bff38b00b5a805cc1d09ae0415f5a5e0d491283de3" X-ARR-LOG-ID="9cd847e6-d5a1-11f0-b962-f4a80dcb9cc7" CLIENT-IP="197.231.173.251:59759" X-SITE-DEPLOYMENT-ID="lims-preview-360" WAS-DEFAULT-HOSTNAME="lims-preview-360.scm.azurewebsites.net" X-Forwarded-Proto="https" X-AppService-Proto="https" X-Forwarded-TlsVersion="1.3" X-WAWS-Unencoded-URL="/api/zipdeploy?isAsync=true" X-Client-IP="197.231.173.251" X-Client-Port="59759" >
  <step title="Cleanup Xml Logs" date="2025-12-10T08:24:23.685" /><!-- duration: 129ms -->
  <step title="ZipPushDeploy" date="2025-12-10T08:24:33.705" >
    <step title="ZipDeploy. Run from package. Ignore remote build." date="2025-12-10T08:24:33.905" /><!-- duration: 51ms -->
    <step title="None repository commit" date="2025-12-10T08:24:34.037" >
      <step title="Commit id: 0e6835be-4ba0-4309-ad81-56a5d4343a90" date="2025-12-10T08:24:34.204" Message="N/A" AuthorName="N/A" AuthorEmail="N/A" /><!-- duration: 28ms -->
    </step><!-- duration: 258ms -->
    <step title="Starting PushDeployAsync" date="2025-12-10T08:24:34.373" /><!-- duration: 44ms -->
    <step title="WEBSITE_RUN_FROM_PACKAGE is set to 1. Writing zip to SitePackagesPath" date="2025-12-10T08:24:34.715" /><!-- duration: 80ms -->
    <step title="Copying zip to SitePackages /home/data/SitePackages/20251210082433.zip from request body" date="2025-12-10T08:24:34.946" /><!-- duration: 50ms -->
    <step title="Writing multipart request body to /home/data/SitePackages/20251210082433.zip" date="2025-12-10T08:24:35.069" /><!-- duration: 98ms -->
    <step title="Start deployment in the background" date="2025-12-10T08:24:54.320" >
      <step title="Acquiring Deployment Lock" date="2025-12-10T08:24:54.377" /><!-- duration: 11ms -->
      <step title="Acquired Deployment Lock" date="2025-12-10T08:24:54.447" /><!-- duration: 6ms -->
    </step><!-- duration: 352ms -->
  </step><!-- duration: 21007ms -->
  <step title="Outgoing response" date="2025-12-10T08:24:54.752" type="response" statusCode="202" statusText="Accepted" /><!-- duration: 19ms -->
</step><!-- duration: 31140ms -->
