<step title="BackgroundTrace" date="2025-12-10T09:14:29.191" instance="220123" url="/api/publish" method="POST" >
  <step title="Cleanup Xml Logs" date="2025-12-10T09:14:29.224" /><!-- duration: 72ms -->
  <step title="Creating temporary deployment - FetchDeploymentManager" date="2025-12-10T09:14:29.793" /><!-- duration: 22ms -->
  <step title="Creating temporary deployment" date="2025-12-10T09:14:29.849" /><!-- duration: 306ms -->
  <step title="Performing fetch based deployment" date="2025-12-10T09:14:30.546" >
    <step title="Cleaning up temp folders from previous zip deployments and extracting pushed zip file /tmp/zipdeploy/be99809c-7aed-484d-b4b7-f80fd0fac1c6.zip (6.22 MB) to /tmp/zipdeploy/extracted" date="2025-12-10T09:14:32.262" >
      <step title="ChmodRecursive Process exited with total time taken in ms: 292" date="2025-12-10T09:14:39.121" /><!-- duration: 19ms -->
    </step><!-- duration: 6888ms -->
    <step title="Deployment timer started" date="2025-12-10T09:14:41.198" >
      <step title="DeploymentManager.Deploy(id:b87d5617-3758-40c8-bee9-5aa5e97aa206)" date="2025-12-10T09:14:41.230" >
        <step title="Collecting changeset information" date="2025-12-10T09:14:41.332" /><!-- duration: 230ms -->
        <step title="Updating submodules" date="2025-12-10T09:14:41.584" /><!-- duration: 1274ms -->
        <step title="Determining deployment builder" date="2025-12-10T09:14:43.655" >
          <step title="Builder is OryxBuilder" date="2025-12-10T09:14:43.736" /><!-- duration: 15ms -->
        </step><!-- duration: 119ms -->
        <step title="PreDeployment: context.CleanOutputPath False" date="2025-12-10T09:14:43.880" >
          <step title="PreDeployment: context.OutputPath /home/site/wwwroot" date="2025-12-10T09:14:44.185" >
            <step title="Building" date="2025-12-10T09:14:44.758" >
              <step title="Executing external process" date="2025-12-10T09:14:45.654" type="process" path="bash" arguments="-c &quot;oryx build /tmp/zipdeploy/extracted -o /home/site/wwwroot --platform nodejs --platform-version 20 -p virtualenv_name= --log-file /tmp/build-debug.log  -i /tmp/8de37cc8e908d2e -p compress_node_modules=tar-gz | tee /tmp/oryx-build.log ; exit $PIPESTATUS &quot;" >
                <step title="Cpu: npm install(1033,19.060s)+build.sh(933,0.080s)+oryx(911,10.670s)+tee(912,0.000s)+bash(910,0.000s)=total(29.810s)" date="2025-12-10T09:16:49.909" /><!-- duration: 83ms -->
                <step title="bash: no io activity for 60s, prev-cpu=-1.000s, current-cpu=29.810s" date="2025-12-10T09:16:50.051" /><!-- duration: 79ms -->
                <step title="Cpu: npm install(1033,24.630s)+build.sh(933,0.080s)+oryx(911,10.750s)+tee(912,0.000s)+bash(910,0.000s)=total(35.450s)" date="2025-12-10T09:17:51.934" /><!-- duration: 208ms -->
                <step title="bash: no io activity for 122s, prev-cpu=29.810s, current-cpu=35.450s" date="2025-12-10T09:17:52.483" /><!-- duration: 223ms -->
