﻿<?xml version="1.0" encoding="utf-8"?>
<deployment>
  <id>71149ef8-acc6-4001-ab97-1cbfaa39ee1b</id>
  <author>N/A</author>
  <deployer>OneDeploy</deployer>
  <authorEmail>N/A</authorEmail>
  <message>OneDeploy</message>
  <progress></progress>
  <status>Success</status>
  <statusText></statusText>
  <lastSuccessEndTime>2025-12-10T08:16:32.1735295Z</lastSuccessEndTime>
  <receivedTime>2025-12-10T08:16:19.224812Z</receivedTime>
  <startTime>2025-12-10T08:16:21.960862Z</startTime>
  <endTime>2025-12-10T08:16:32.1735295Z</endTime>
  <complete>True</complete>
  <is_temp>False</is_temp>
  <is_readonly>True</is_readonly>
  <buildSummary />
</deployment>