﻿<?xml version="1.0" encoding="utf-8"?>
<deployment>
  <id>f85f31e0-50e8-489f-8516-058fd5fb0306</id>
  <author>N/A</author>
  <deployer>OneDeploy</deployer>
  <authorEmail>N/A</authorEmail>
  <message>OneDeploy</message>
  <progress></progress>
  <status>Failed</status>
  <statusText></statusText>
  <lastSuccessEndTime />
  <receivedTime>2025-12-10T10:03:15.9343344Z</receivedTime>
  <startTime>2025-12-10T10:03:19.9310467Z</startTime>
  <endTime>2025-12-10T10:08:37.6595337Z</endTime>
  <complete>True</complete>
  <is_temp>False</is_temp>
  <is_readonly>True</is_readonly>
  <buildSummary />
</deployment>