<step title="Incoming Request" date="2025-12-10T09:14:25.934" instance="220123" url="/api/publish?type=zip&amp;async=True" method="POST" type="request" pid="833,1,17" Accept="*/*" Host="lims-preview-360.scm.azurewebsites.net" User-Agent="AZURECLI/2.80.0 (MSI)" Accept-Encoding="gzip, deflate" Authorization="Bea..." Cache-Control="no-cache" Content-Type="application/octet-stream" Cookie="ARRAffinity=220123e6e205079d6596b96940a643fd9ef5ed2296fb26a26a4eac0875cf97c5; ARRAffinitySameSite=220123e6e205079d6596b96940a643fd9ef5ed2296fb26a26a4eac0875cf97c5" Content-Length="6520058" x-ms-client-request-id="97cf8be1-d5a8-11f0-91a0-f4a80dcb9cc7" x-ms-artifact-checksum="c321ee140460769544c4fdebb801a7bfde9f4ea570d1bf875ba481da8445899b" X-ARR-LOG-ID="97cf8be1-d5a8-11f0-91a0-f4a80dcb9cc7" CLIENT-IP="197.231.173.251:64938" X-SITE-DEPLOYMENT-ID="lims-preview-360" WAS-DEFAULT-HOSTNAME="lims-preview-360.scm.azurewebsites.net" X-Forwarded-Proto="https" X-AppService-Proto="https" X-Forwarded-TlsVersion="1.3" X-WAWS-Unencoded-URL="/api/publish?type=zip&amp;async=True" X-Client-IP="197.231.173.251" X-Client-Port="64938" >
  <step title="Cleanup Xml Logs" date="2025-12-10T09:14:25.956" /><!-- duration: 89ms -->
  <step title="OneDeploy" date="2025-12-10T09:14:26.751" >
    <step title="None repository commit" date="2025-12-10T09:14:26.899" >
      <step title="Commit id: b87d5617-3758-40c8-bee9-5aa5e97aa206" date="2025-12-10T09:14:26.918" Message="N/A" AuthorName="N/A" AuthorEmail="N/A" /><!-- duration: 20ms -->
    </step><!-- duration: 62ms -->
    <step title="Starting PushDeployAsync" date="2025-12-10T09:14:26.979" /><!-- duration: 12ms -->
    <step title="Writing artifact to /tmp/zipdeploy/be99809c-7aed-484d-b4b7-f80fd0fac1c6.zip" date="2025-12-10T09:14:27.191" >
      <step title="Writing multipart request body to /tmp/zipdeploy/be99809c-7aed-484d-b4b7-f80fd0fac1c6.zip" date="2025-12-10T09:14:27.223" /><!-- duration: 107ms -->
    </step><!-- duration: 1848ms -->
    <step title="Start deployment in the background" date="2025-12-10T09:14:29.125" >
      <step title="Acquiring Deployment Lock" date="2025-12-10T09:14:29.331" /><!-- duration: 22ms -->
      <step title="Acquired Deployment Lock" date="2025-12-10T09:14:29.765" /><!-- duration: 13ms -->
    </step><!-- duration: 1061ms -->
  </step><!-- duration: 3544ms -->
  <step title="Outgoing response" date="2025-12-10T09:14:30.405" type="response" statusCode="202" statusText="Accepted" /><!-- duration: 34ms -->
</step><!-- duration: 4551ms -->
