<step title="Incoming Request" date="2025-12-10T08:59:58.745" instance="220123" url="/api/publish?type=zip" method="POST" type="request" pid="833,1,7" Accept="*/*" Host="lims-preview-360.scm.azurewebsites.net" User-Agent="AZURECLI/2.80.0 (MSI)" Accept-Encoding="gzip, deflate" Authorization="Bea..." Cache-Control="no-cache" Content-Type="application/octet-stream" Cookie="ARRAffinity=220123e6e205079d6596b96940a643fd9ef5ed2296fb26a26a4eac0875cf97c5; ARRAffinitySameSite=220123e6e205079d6596b96940a643fd9ef5ed2296fb26a26a4eac0875cf97c5" Content-Length="301902" x-ms-client-request-id="91fd181e-d5a6-11f0-8d9b-f4a80dcb9cc7" x-ms-artifact-checksum="552b8a9436cfd3a515f4e7aeeafdafa574b6046fdf04858e042448dda0683d0c" X-ARR-LOG-ID="91fd181e-d5a6-11f0-8d9b-f4a80dcb9cc7" CLIENT-IP="197.231.173.251:58244" X-SITE-DEPLOYMENT-ID="lims-preview-360" WAS-DEFAULT-HOSTNAME="lims-preview-360.scm.azurewebsites.net" X-Forwarded-Proto="https" X-AppService-Proto="https" X-Forwarded-TlsVersion="1.3" X-WAWS-Unencoded-URL="/api/publish?type=zip" X-Client-IP="197.231.173.251" X-Client-Port="58244" >
  <step title="OneDeploy" date="2025-12-10T08:59:58.809" >
    <step title="None repository commit" date="2025-12-10T08:59:58.830" >
      <step title="Commit id: 78f32516-22b0-452f-8cb0-3431ccd4c556" date="2025-12-10T08:59:58.838" Message="N/A" AuthorName="N/A" AuthorEmail="N/A" /><!-- duration: 9ms -->
    </step><!-- duration: 23ms -->
    <step title="Starting PushDeployAsync" date="2025-12-10T08:59:58.860" /><!-- duration: 7ms -->
    <step title="Writing artifact to /tmp/zipdeploy/026eb554-15ae-4180-8ac6-687a79008283.zip" date="2025-12-10T08:59:58.909" >
      <step title="Writing multipart request body to /tmp/zipdeploy/026eb554-15ae-4180-8ac6-687a79008283.zip" date="2025-12-10T08:59:58.922" /><!-- duration: 6ms -->
    </step><!-- duration: 742ms -->
    <step title="Attempting to fetch target branch HEAD" date="2025-12-10T08:59:59.669" /><!-- duration: 6ms -->
    <step title="Acquiring Deployment Lock" date="2025-12-10T08:59:59.683" /><!-- duration: 7ms -->
    <step title="Acquired Deployment Lock" date="2025-12-10T08:59:59.739" /><!-- duration: 6ms -->
    <step title="Performing fetch based deployment" date="2025-12-10T08:59:59.769" >
      <step title="Creating temporary deployment" date="2025-12-10T08:59:59.777" /><!-- duration: 81ms -->
      <step title="Releasing Deployment Lock" date="2025-12-10T09:00:01.162" /><!-- duration: 11ms -->
      <step title="Cleaning up temp folders from previous zip deployments and extracting pushed zip file /tmp/zipdeploy/026eb554-15ae-4180-8ac6-687a79008283.zip (0.29 MB) to /tmp/zipdeploy/extracted" date="2025-12-10T09:00:01.222" >
        <step title="ChmodRecursive Process exited with total time taken in ms: 245" date="2025-12-10T09:00:01.696" /><!-- duration: 50ms -->
      </step><!-- duration: 565ms -->
      <step title="None repository commit" date="2025-12-10T09:00:01.818" >
        <step title="Commit id: 78f32516-22b0-452f-8cb0-3431ccd4c556" date="2025-12-10T09:00:01.848" Message="OneDeploy" AuthorName="N/A" AuthorEmail="N/A" /><!-- duration: 18ms -->
      </step><!-- duration: 60ms -->
      <step title="Deployment timer started" date="2025-12-10T09:00:03.940" >
        <step title="DeploymentManager.Deploy(id:78f32516-22b0-452f-8cb0-3431ccd4c556)" date="2025-12-10T09:00:03.991" >
          <step title="Collecting changeset information" date="2025-12-10T09:00:04.053" /><!-- duration: 219ms -->
          <step title="Updating submodules" date="2025-12-10T09:00:04.320" /><!-- duration: 1417ms -->
          <step title="Determining deployment builder" date="2025-12-10T09:00:06.338" >
            <step title="Builder is OryxBuilder" date="2025-12-10T09:00:06.390" /><!-- duration: 30ms -->
          </step><!-- duration: 100ms -->
          <step title="PreDeployment: context.CleanOutputPath False" date="2025-12-10T09:00:06.592" >
            <step title="PreDeployment: context.OutputPath /home/site/wwwroot" date="2025-12-10T09:00:07.100" >
              <step title="Building" date="2025-12-10T09:00:07.465" >
                <step title="Executing external process" date="2025-12-10T09:00:08.006" type="process" path="bash" arguments="-c &quot;oryx build /tmp/zipdeploy/extracted -o /home/site/wwwroot --platform nodejs --platform-version 20 -p virtualenv_name= --log-file /tmp/build-debug.log  -i /tmp/8de37ca83a1ad56 -p compress_node_modules=tar-gz | tee /tmp/oryx-build.log ; exit $PIPESTATUS &quot;" >
                  <step title="Error occurred" date="2025-12-10T09:02:43.536" type="error" text="GetParentProcessLinux (1087) failed.: Could not find a part of the path &apos;/proc/1087/stat&apos;." stackTrace="   at Interop.ThrowExceptionForIoErrno(ErrorInfo errorInfo, String path, Boolean isDirError)
   at Microsoft.Win32.SafeHandles.SafeFileHandle.Open(String fullPath, FileMode mode, FileAccess access, FileShare share, FileOptions options, Int64 preallocationSize, UnixFileMode openPermissions, Int64&amp; fileLength, UnixFileMode&amp; filePermissions, Boolean failForSymlink, Boolean&amp; wasSymlink, Func`4 createOpenException)
   at System.IO.Strategies.OSFileStreamStrategy..ctor(String path, FileMode mode, FileAccess access, FileShare share, FileOptions options, Int64 preallocationSize, Nullable`1 unixCreateMode)
   at System.IO.StreamReader.ValidateArgsAndOpenPath(String path, Encoding encoding, Int32 bufferSize)
   at System.IO.File.ReadLines(String path)
   at Kudu.Core.Infrastructure.ProcessExtensions.GetParentProcessLinux(Process process, ITracer tracer) in /tmp/KuduLite/Kudu.Core/Infrastructure/ProcessExtensions.cs:line 155" /><!-- duration: 89ms -->
                  <step title="Cpu: npm install(1030,56.180s)+build.sh(936,0.030s)+oryx(917,7.530s)+tee(918,0.000s)+bash(916,0.000s)=total(63.740s)" date="2025-12-10T09:02:44.269" /><!-- duration: 81ms -->
                  <step title="bash: no io activity for 61s, prev-cpu=-1.000s, current-cpu=63.740s" date="2025-12-10T09:02:44.417" /><!-- duration: 80ms -->
                  <step title="Cpu: npm install(1030,75.950s)+build.sh(936,0.030s)+oryx(917,7.720s)+tee(918,0.000s)+bash(916,0.000s)=total(83.700s)" date="2025-12-10T09:04:10.481" /><!-- duration: 29ms -->
                  <step title="bash: no io activity for 61s, prev-cpu=-1.000s, current-cpu=83.700s" date="2025-12-10T09:04:10.803" /><!-- duration: 29ms -->
                  <step title="Cpu: npm install(1030,89.950s)+build.sh(936,0.030s)+oryx(917,7.830s)+tee(918,0.000s)+bash(916,0.000s)=total(97.780s)" date="2025-12-10T09:05:13.582" /><!-- duration: 233ms -->
                  <step title="bash: no io activity for 123s, prev-cpu=83.700s, current-cpu=97.780s" date="2025-12-10T09:05:14.104" /><!-- duration: 122ms -->
                  <step title="Cpu: npm install(1030,97.900s)+build.sh(936,0.030s)+oryx(917,7.880s)+tee(918,0.000s)+bash(916,0.000s)=total(105.780s)" date="2025-12-10T09:06:16.835" /><!-- duration: 147ms -->
                  <step title="bash: no io activity for 186s, prev-cpu=97.780s, current-cpu=105.780s" date="2025-12-10T09:06:17.262" /><!-- duration: 27ms -->
                  <step title="Cpu: npm install(1030,103.260s)+build.sh(936,0.030s)+oryx(917,7.920s)+tee(918,0.000s)+bash(916,0.000s)=total(111.190s)" date="2025-12-10T09:07:18.515" /><!-- duration: 282ms -->
                  <step title="bash: no io activity for 249s, prev-cpu=105.780s, current-cpu=111.190s" date="2025-12-10T09:07:19.208" /><!-- duration: 40ms -->
                  <step title="Cpu: node(1226,3.370s)+node(1215,0.120s)+sh(1214,0.010s)+npm install(1030,113.500s)+build.sh(936,0.030s)+oryx(917,8.020s)+tee(918,0.000s)+bash(916,0.000s)=total(125.040s)" date="2025-12-10T09:08:20.261" /><!-- duration: 58ms -->
                  <step title="bash: no io activity for 311s, prev-cpu=111.190s, current-cpu=125.040s" date="2025-12-10T09:08:20.360" /><!-- duration: 60ms -->
                  <step title="Process dump" date="2025-12-10T09:09:34.666" exitCode="1" type="processOutput" /><!-- duration: 35ms -->
                </step><!-- duration: 566719ms -->
                <step title="Error occurred" date="2025-12-10T09:09:34.936" type="error" text="npm warn deprecated rimraf@3.0.2: Rimraf versions prior to v4 are no longer supported
npm warn deprecated inflight@1.0.6: This module is not supported, and leaks memory. Do not use it. Check out lru-cache if you want a good and tested way to coalesce async requests by a key value, which is much more comprehensive and powerful.
npm warn deprecated lodash.isequal@4.5.0: This package is deprecated. Use require(&apos;node:util&apos;).isDeepStrictEqual instead.
npm warn deprecated glob@7.1.7: Glob versions prior to v9 are no longer supported
npm warn deprecated @humanwhocodes/object-schema@2.0.3: Use @eslint/object-schema instead
npm warn deprecated rimraf@2.7.1: Rimraf versions prior to v4 are no longer supported
npm warn deprecated glob@7.2.3: Glob versions prior to v9 are no longer supported
npm warn deprecated @humanwhocodes/config-array@0.13.0: Use @eslint/config-array instead
npm warn deprecated fstream@1.0.12: This package is no longer supported.
npm warn deprecated eslint@8.57.1: This version is no longer supported. Please see https://eslint.org/version-support for other options.
npm notice
npm notice New major version of npm available! 10.8.2 -&gt; 11.7.0
npm notice Changelog: https://github.com/npm/cli/releases/tag/v11.7.0
npm notice To update run: npm install -g npm@11.7.0
npm notice

&gt; Build error occurred
Error: &gt; Couldn&apos;t find any `pages` or `app` directory. Please create one under the project root
    at findPagesDir (/tmp/8de37ca83a1ad56/node_modules/next/dist/lib/find-pages-dir.js:42:15)
    at /tmp/8de37ca83a1ad56/node_modules/next/dist/build/index.js:237:73
    at async Span.traceAsyncFn (/tmp/8de37ca83a1ad56/node_modules/next/dist/trace/trace.js:147:20)
    at async build (/tmp/8de37ca83a1ad56/node_modules/next/dist/build/index.js:187:29)
    at async main (/tmp/8de37ca83a1ad56/node_modules/next/dist/bin/next:157:5)
/bin/bash -c &quot;oryx build /tmp/zipdeploy/extracted -o /home/site/wwwroot --platform nodejs --platform-version 20 -p virtualenv_name= --log-file /tmp/build-debug.log  -i /tmp/8de37ca83a1ad56 -p compress_node_modules=tar-gz | tee /tmp/oryx-build.log ; exit $PIPESTATUS &quot;" stackTrace="   at Kudu.Core.Infrastructure.Executable.ExecuteInternal(ITracer tracer, Func`2 onWriteOutput, Func`2 onWriteError, CancellationToken token, Encoding encoding, String arguments, Object[] args) in /tmp/KuduLite/Kudu.Core/Infrastructure/Executable.cs:line 239
   at Kudu.Core.Infrastructure.Executable.ExecuteWithProgressWriter(ILogger logger, ITracer tracer, CancellationToken token, String arguments, Object[] args) in /tmp/KuduLite/Kudu.Core/Infrastructure/Executable.cs:line 118
   at Kudu.Core.Deployment.Generator.ExternalCommandBuilder.RunCommand(DeploymentContext context, String command, Boolean ignoreManifest, CancellationToken token, String message) in /tmp/KuduLite/Kudu.Core/Deployment/Generator/ExternalCommandBuilder.cs:line 122" /><!-- duration: 31ms -->
                <step title="Error occurred" date="2025-12-10T09:09:35.157" type="error" text="npm warn deprecated rimraf@3.0.2: Rimraf versions prior to v4 are no longer supported
npm warn deprecated inflight@1.0.6: This module is not supported, and leaks memory. Do not use it. Check out lru-cache if you want a good and tested way to coalesce async requests by a key value, which is much more comprehensive and powerful.
npm warn deprecated lodash.isequal@4.5.0: This package is deprecated. Use require(&apos;node:util&apos;).isDeepStrictEqual instead.
npm warn deprecated glob@7.1.7: Glob versions prior to v9 are no longer supported
npm warn deprecated @humanwhocodes/object-schema@2.0.3: Use @eslint/object-schema instead
npm warn deprecated rimraf@2.7.1: Rimraf versions prior to v4 are no longer supported
npm warn deprecated glob@7.2.3: Glob versions prior to v9 are no longer supported
npm warn deprecated @humanwhocodes/config-array@0.13.0: Use @eslint/config-array instead
npm warn deprecated fstream@1.0.12: This package is no longer supported.
npm warn deprecated eslint@8.57.1: This version is no longer supported. Please see https://eslint.org/version-support for other options.
npm notice
npm notice New major version of npm available! 10.8.2 -&gt; 11.7.0
npm notice Changelog: https://github.com/npm/cli/releases/tag/v11.7.0
npm notice To update run: npm install -g npm@11.7.0
npm notice

&gt; Build error occurred
Error: &gt; Couldn&apos;t find any `pages` or `app` directory. Please create one under the project root
    at findPagesDir (/tmp/8de37ca83a1ad56/node_modules/next/dist/lib/find-pages-dir.js:42:15)
    at /tmp/8de37ca83a1ad56/node_modules/next/dist/build/index.js:237:73
    at async Span.traceAsyncFn (/tmp/8de37ca83a1ad56/node_modules/next/dist/trace/trace.js:147:20)
    at async build (/tmp/8de37ca83a1ad56/node_modules/next/dist/build/index.js:187:29)
    at async main (/tmp/8de37ca83a1ad56/node_modules/next/dist/bin/next:157:5)
/bin/bash -c &quot;oryx build /tmp/zipdeploy/extracted -o /home/site/wwwroot --platform nodejs --platform-version 20 -p virtualenv_name= --log-file /tmp/build-debug.log  -i /tmp/8de37ca83a1ad56 -p compress_node_modules=tar-gz | tee /tmp/oryx-build.log ; exit $PIPESTATUS &quot;" stackTrace="   at Kudu.Core.Infrastructure.Executable.ExecuteInternal(ITracer tracer, Func`2 onWriteOutput, Func`2 onWriteError, CancellationToken token, Encoding encoding, String arguments, Object[] args) in /tmp/KuduLite/Kudu.Core/Infrastructure/Executable.cs:line 239
   at Kudu.Core.Infrastructure.Executable.ExecuteWithProgressWriter(ILogger logger, ITracer tracer, CancellationToken token, String arguments, Object[] args) in /tmp/KuduLite/Kudu.Core/Infrastructure/Executable.cs:line 118
   at Kudu.Core.Deployment.Generator.ExternalCommandBuilder.RunCommand(DeploymentContext context, String command, Boolean ignoreManifest, CancellationToken token, String message) in /tmp/KuduLite/Kudu.Core/Deployment/Generator/ExternalCommandBuilder.cs:line 122
   at Kudu.Core.Deployment.Generator.OryxBuilder.RunBuildCommand(IOryxArguments args, DeploymentContext context, CancellationToken token) in /tmp/KuduLite/Kudu.Core/Deployment/Generator/OryxBuilder.cs:line 295
   at Kudu.Core.Deployment.Generator.OryxBuilder.Build(DeploymentContext context, CancellationToken token) in /tmp/KuduLite/Kudu.Core/Deployment/Generator/OryxBuilder.cs:line 136
   at Kudu.Core.Deployment.DeploymentManager.Build(ChangeSet changeSet, ITracer tracer, IDisposable deployStep, IRepository repository, DeploymentInfoBase deploymentInfo, DeploymentAnalytics deploymentAnalytics, Boolean fullBuildByDefault, CancellationToken cancellationToken) in /tmp/KuduLite/Kudu.Core/Deployment/DeploymentManager.cs:line 771" /><!-- duration: 49ms -->
                <step title="Using GenericDeploymentLogParser" date="2025-12-10T09:09:35.908" /><!-- duration: 52ms -->
                <step title="Purge deployment items" date="2025-12-10T09:09:44.228" >
                  <step title="Remove temp-733d, Pending, received at 12/10/2025 09:09:02" date="2025-12-10T09:09:44.858" /><!-- duration: 32ms -->
                  <step title="Remove temp-ca7b, Pending, received at 12/10/2025 08:59:59" date="2025-12-10T09:09:45.059" /><!-- duration: 20ms -->
                  <step title="Remove 78f32516-, Failed, received at 12/10/2025 09:00:04" date="2025-12-10T09:09:45.380" /><!-- duration: 49ms -->
                  <step title="Remove 0cf7af06-, Failed, received at 12/10/2025 08:41:23" date="2025-12-10T09:09:45.653" /><!-- duration: 38ms -->
                </step><!-- duration: 1503ms -->
              </step><!-- duration: 578296ms -->
            </step><!-- duration: 578764ms -->
            <step title="Error occurred" date="2025-12-10T09:09:45.893" type="error" text="npm warn deprecated rimraf@3.0.2: Rimraf versions prior to v4 are no longer supported
npm warn deprecated inflight@1.0.6: This module is not supported, and leaks memory. Do not use it. Check out lru-cache if you want a good and tested way to coalesce async requests by a key value, which is much more comprehensive and powerful.
npm warn deprecated lodash.isequal@4.5.0: This package is deprecated. Use require(&apos;node:util&apos;).isDeepStrictEqual instead.
npm warn deprecated glob@7.1.7: Glob versions prior to v9 are no longer supported
npm warn deprecated @humanwhocodes/object-schema@2.0.3: Use @eslint/object-schema instead
npm warn deprecated rimraf@2.7.1: Rimraf versions prior to v4 are no longer supported
npm warn deprecated glob@7.2.3: Glob versions prior to v9 are no longer supported
npm warn deprecated @humanwhocodes/config-array@0.13.0: Use @eslint/config-array instead
npm warn deprecated fstream@1.0.12: This package is no longer supported.
npm warn deprecated eslint@8.57.1: This version is no longer supported. Please see https://eslint.org/version-support for other options.
npm notice
npm notice New major version of npm available! 10.8.2 -&gt; 11.7.0
npm notice Changelog: https://github.com/npm/cli/releases/tag/v11.7.0
npm notice To update run: npm install -g npm@11.7.0
npm notice

&gt; Build error occurred
Error: &gt; Couldn&apos;t find any `pages` or `app` directory. Please create one under the project root
    at findPagesDir (/tmp/8de37ca83a1ad56/node_modules/next/dist/lib/find-pages-dir.js:42:15)
    at /tmp/8de37ca83a1ad56/node_modules/next/dist/build/index.js:237:73
    at async Span.traceAsyncFn (/tmp/8de37ca83a1ad56/node_modules/next/dist/trace/trace.js:147:20)
    at async build (/tmp/8de37ca83a1ad56/node_modules/next/dist/build/index.js:187:29)
    at async main (/tmp/8de37ca83a1ad56/node_modules/next/dist/bin/next:157:5)
/bin/bash -c &quot;oryx build /tmp/zipdeploy/extracted -o /home/site/wwwroot --platform nodejs --platform-version 20 -p virtualenv_name= --log-file /tmp/build-debug.log  -i /tmp/8de37ca83a1ad56 -p compress_node_modules=tar-gz | tee /tmp/oryx-build.log ; exit $PIPESTATUS &quot;" stackTrace="   at Kudu.Core.Infrastructure.Executable.ExecuteInternal(ITracer tracer, Func`2 onWriteOutput, Func`2 onWriteError, CancellationToken token, Encoding encoding, String arguments, Object[] args) in /tmp/KuduLite/Kudu.Core/Infrastructure/Executable.cs:line 239
   at Kudu.Core.Infrastructure.Executable.ExecuteWithProgressWriter(ILogger logger, ITracer tracer, CancellationToken token, String arguments, Object[] args) in /tmp/KuduLite/Kudu.Core/Infrastructure/Executable.cs:line 118
   at Kudu.Core.Deployment.Generator.ExternalCommandBuilder.RunCommand(DeploymentContext context, String command, Boolean ignoreManifest, CancellationToken token, String message) in /tmp/KuduLite/Kudu.Core/Deployment/Generator/ExternalCommandBuilder.cs:line 122
   at Kudu.Core.Deployment.Generator.OryxBuilder.RunBuildCommand(IOryxArguments args, DeploymentContext context, CancellationToken token) in /tmp/KuduLite/Kudu.Core/Deployment/Generator/OryxBuilder.cs:line 295
   at Kudu.Core.Deployment.Generator.OryxBuilder.Build(DeploymentContext context, CancellationToken token) in /tmp/KuduLite/Kudu.Core/Deployment/Generator/OryxBuilder.cs:line 136
   at Kudu.Core.Deployment.DeploymentManager.Build(ChangeSet changeSet, ITracer tracer, IDisposable deployStep, IRepository repository, DeploymentInfoBase deploymentInfo, DeploymentAnalytics deploymentAnalytics, Boolean fullBuildByDefault, CancellationToken cancellationToken) in /tmp/KuduLite/Kudu.Core/Deployment/DeploymentManager.cs:line 771
   at Kudu.Core.Deployment.DeploymentManager.Build(ChangeSet changeSet, ITracer tracer, IDisposable deployStep, IRepository repository, DeploymentInfoBase deploymentInfo, DeploymentAnalytics deploymentAnalytics, Boolean fullBuildByDefault, CancellationToken cancellationToken) in /tmp/KuduLite/Kudu.Core/Deployment/DeploymentManager.cs:line 840" /><!-- duration: 100ms -->
            <step title="Cleaning up temp files" date="2025-12-10T09:09:47.536" /><!-- duration: 38952ms -->
            <step title="Cleaning up temp files" date="2025-12-10T09:10:26.526" /><!-- duration: 514ms -->
            <step title="Error occurred" date="2025-12-10T09:10:27.169" type="error" text="npm warn deprecated rimraf@3.0.2: Rimraf versions prior to v4 are no longer supported
npm warn deprecated inflight@1.0.6: This module is not supported, and leaks memory. Do not use it. Check out lru-cache if you want a good and tested way to coalesce async requests by a key value, which is much more comprehensive and powerful.
npm warn deprecated lodash.isequal@4.5.0: This package is deprecated. Use require(&apos;node:util&apos;).isDeepStrictEqual instead.
npm warn deprecated glob@7.1.7: Glob versions prior to v9 are no longer supported
npm warn deprecated @humanwhocodes/object-schema@2.0.3: Use @eslint/object-schema instead
npm warn deprecated rimraf@2.7.1: Rimraf versions prior to v4 are no longer supported
npm warn deprecated glob@7.2.3: Glob versions prior to v9 are no longer supported
npm warn deprecated @humanwhocodes/config-array@0.13.0: Use @eslint/config-array instead
npm warn deprecated fstream@1.0.12: This package is no longer supported.
npm warn deprecated eslint@8.57.1: This version is no longer supported. Please see https://eslint.org/version-support for other options.
npm notice
npm notice New major version of npm available! 10.8.2 -&gt; 11.7.0
npm notice Changelog: https://github.com/npm/cli/releases/tag/v11.7.0
npm notice To update run: npm install -g npm@11.7.0
npm notice

&gt; Build error occurred
Error: &gt; Couldn&apos;t find any `pages` or `app` directory. Please create one under the project root
    at findPagesDir (/tmp/8de37ca83a1ad56/node_modules/next/dist/lib/find-pages-dir.js:42:15)
    at /tmp/8de37ca83a1ad56/node_modules/next/dist/build/index.js:237:73
    at async Span.traceAsyncFn (/tmp/8de37ca83a1ad56/node_modules/next/dist/trace/trace.js:147:20)
    at async build (/tmp/8de37ca83a1ad56/node_modules/next/dist/build/index.js:187:29)
    at async main (/tmp/8de37ca83a1ad56/node_modules/next/dist/bin/next:157:5)
/bin/bash -c &quot;oryx build /tmp/zipdeploy/extracted -o /home/site/wwwroot --platform nodejs --platform-version 20 -p virtualenv_name= --log-file /tmp/build-debug.log  -i /tmp/8de37ca83a1ad56 -p compress_node_modules=tar-gz | tee /tmp/oryx-build.log ; exit $PIPESTATUS &quot;" stackTrace="   at Kudu.Core.Infrastructure.Executable.ExecuteInternal(ITracer tracer, Func`2 onWriteOutput, Func`2 onWriteError, CancellationToken token, Encoding encoding, String arguments, Object[] args) in /tmp/KuduLite/Kudu.Core/Infrastructure/Executable.cs:line 239
   at Kudu.Core.Infrastructure.Executable.ExecuteWithProgressWriter(ILogger logger, ITracer tracer, CancellationToken token, String arguments, Object[] args) in /tmp/KuduLite/Kudu.Core/Infrastructure/Executable.cs:line 118
   at Kudu.Core.Deployment.Generator.ExternalCommandBuilder.RunCommand(DeploymentContext context, String command, Boolean ignoreManifest, CancellationToken token, String message) in /tmp/KuduLite/Kudu.Core/Deployment/Generator/ExternalCommandBuilder.cs:line 122
   at Kudu.Core.Deployment.Generator.OryxBuilder.RunBuildCommand(IOryxArguments args, DeploymentContext context, CancellationToken token) in /tmp/KuduLite/Kudu.Core/Deployment/Generator/OryxBuilder.cs:line 295
   at Kudu.Core.Deployment.Generator.OryxBuilder.Build(DeploymentContext context, CancellationToken token) in /tmp/KuduLite/Kudu.Core/Deployment/Generator/OryxBuilder.cs:line 136
   at Kudu.Core.Deployment.DeploymentManager.Build(ChangeSet changeSet, ITracer tracer, IDisposable deployStep, IRepository repository, DeploymentInfoBase deploymentInfo, DeploymentAnalytics deploymentAnalytics, Boolean fullBuildByDefault, CancellationToken cancellationToken) in /tmp/KuduLite/Kudu.Core/Deployment/DeploymentManager.cs:line 771
   at Kudu.Core.Deployment.DeploymentManager.Build(ChangeSet changeSet, ITracer tracer, IDisposable deployStep, IRepository repository, DeploymentInfoBase deploymentInfo, DeploymentAnalytics deploymentAnalytics, Boolean fullBuildByDefault, CancellationToken cancellationToken) in /tmp/KuduLite/Kudu.Core/Deployment/DeploymentManager.cs:line 840
   at Kudu.Core.Deployment.DeploymentManager.DeployAsync(IRepository repository, ChangeSet changeSet, String deployer, Boolean clean, DeploymentInfoBase deploymentInfo, Boolean needFileUpdate, Boolean fullBuildByDefault) in /tmp/KuduLite/Kudu.Core/Deployment/DeploymentManager.cs:line 266" /><!-- duration: 23ms -->
          </step><!-- duration: 620637ms -->
          <step title="Reloading status file with latest updates" date="2025-12-10T09:10:27.370" /><!-- duration: 33ms -->
          <step title="Error occurred" date="2025-12-10T09:10:27.471" type="error" text="npm warn deprecated rimraf@3.0.2: Rimraf versions prior to v4 are no longer supported
npm warn deprecated inflight@1.0.6: This module is not supported, and leaks memory. Do not use it. Check out lru-cache if you want a good and tested way to coalesce async requests by a key value, which is much more comprehensive and powerful.
npm warn deprecated lodash.isequal@4.5.0: This package is deprecated. Use require(&apos;node:util&apos;).isDeepStrictEqual instead.
npm warn deprecated glob@7.1.7: Glob versions prior to v9 are no longer supported
npm warn deprecated @humanwhocodes/object-schema@2.0.3: Use @eslint/object-schema instead
npm warn deprecated rimraf@2.7.1: Rimraf versions prior to v4 are no longer supported
npm warn deprecated glob@7.2.3: Glob versions prior to v9 are no longer supported
npm warn deprecated @humanwhocodes/config-array@0.13.0: Use @eslint/config-array instead
npm warn deprecated fstream@1.0.12: This package is no longer supported.
npm warn deprecated eslint@8.57.1: This version is no longer supported. Please see https://eslint.org/version-support for other options.
npm notice
npm notice New major version of npm available! 10.8.2 -&gt; 11.7.0
npm notice Changelog: https://github.com/npm/cli/releases/tag/v11.7.0
npm notice To update run: npm install -g npm@11.7.0
npm notice

&gt; Build error occurred
Error: &gt; Couldn&apos;t find any `pages` or `app` directory. Please create one under the project root
    at findPagesDir (/tmp/8de37ca83a1ad56/node_modules/next/dist/lib/find-pages-dir.js:42:15)
    at /tmp/8de37ca83a1ad56/node_modules/next/dist/build/index.js:237:73
    at async Span.traceAsyncFn (/tmp/8de37ca83a1ad56/node_modules/next/dist/trace/trace.js:147:20)
    at async build (/tmp/8de37ca83a1ad56/node_modules/next/dist/build/index.js:187:29)
    at async main (/tmp/8de37ca83a1ad56/node_modules/next/dist/bin/next:157:5)
/bin/bash -c &quot;oryx build /tmp/zipdeploy/extracted -o /home/site/wwwroot --platform nodejs --platform-version 20 -p virtualenv_name= --log-file /tmp/build-debug.log  -i /tmp/8de37ca83a1ad56 -p compress_node_modules=tar-gz | tee /tmp/oryx-build.log ; exit $PIPESTATUS &quot;" stackTrace="   at Kudu.Core.Infrastructure.Executable.ExecuteInternal(ITracer tracer, Func`2 onWriteOutput, Func`2 onWriteError, CancellationToken token, Encoding encoding, String arguments, Object[] args) in /tmp/KuduLite/Kudu.Core/Infrastructure/Executable.cs:line 239
   at Kudu.Core.Infrastructure.Executable.ExecuteWithProgressWriter(ILogger logger, ITracer tracer, CancellationToken token, String arguments, Object[] args) in /tmp/KuduLite/Kudu.Core/Infrastructure/Executable.cs:line 118
   at Kudu.Core.Deployment.Generator.ExternalCommandBuilder.RunCommand(DeploymentContext context, String command, Boolean ignoreManifest, CancellationToken token, String message) in /tmp/KuduLite/Kudu.Core/Deployment/Generator/ExternalCommandBuilder.cs:line 122
   at Kudu.Core.Deployment.Generator.OryxBuilder.RunBuildCommand(IOryxArguments args, DeploymentContext context, CancellationToken token) in /tmp/KuduLite/Kudu.Core/Deployment/Generator/OryxBuilder.cs:line 295
   at Kudu.Core.Deployment.Generator.OryxBuilder.Build(DeploymentContext context, CancellationToken token) in /tmp/KuduLite/Kudu.Core/Deployment/Generator/OryxBuilder.cs:line 136
   at Kudu.Core.Deployment.DeploymentManager.Build(ChangeSet changeSet, ITracer tracer, IDisposable deployStep, IRepository repository, DeploymentInfoBase deploymentInfo, DeploymentAnalytics deploymentAnalytics, Boolean fullBuildByDefault, CancellationToken cancellationToken) in /tmp/KuduLite/Kudu.Core/Deployment/DeploymentManager.cs:line 771
   at Kudu.Core.Deployment.DeploymentManager.Build(ChangeSet changeSet, ITracer tracer, IDisposable deployStep, IRepository repository, DeploymentInfoBase deploymentInfo, DeploymentAnalytics deploymentAnalytics, Boolean fullBuildByDefault, CancellationToken cancellationToken) in /tmp/KuduLite/Kudu.Core/Deployment/DeploymentManager.cs:line 840
   at Kudu.Core.Deployment.DeploymentManager.DeployAsync(IRepository repository, ChangeSet changeSet, String deployer, Boolean clean, DeploymentInfoBase deploymentInfo, Boolean needFileUpdate, Boolean fullBuildByDefault) in /tmp/KuduLite/Kudu.Core/Deployment/DeploymentManager.cs:line 266" /><!-- duration: 42ms -->
          <step title="Could not find status file to mark the deployment failed" date="2025-12-10T09:10:27.654" /><!-- duration: 21ms -->
        </step><!-- duration: 623744ms -->
      </step><!-- duration: 623843ms -->
      <step title="Error occurred" date="2025-12-10T09:10:27.883" type="error" text="Deployment failed" stackTrace="   at Kudu.Core.Deployment.DeploymentManager.DeployAsync(IRepository repository, ChangeSet changeSet, String deployer, Boolean clean, DeploymentInfoBase deploymentInfo, Boolean needFileUpdate, Boolean fullBuildByDefault) in /tmp/KuduLite/Kudu.Core/Deployment/DeploymentManager.cs:line 307
   at Kudu.Core.Deployment.FetchDeploymentManager.PerformDeployment(DeploymentInfoBase deploymentInfo, IDisposable tempDeployment, ChangeSet tempChangeSet, DeployStatusApiResult updateStatusObj) in /tmp/KuduLite/Kudu.Core/Deployment/FetchDeploymentManager.cs:line 230
   at Kudu.Core.Deployment.FetchDeploymentManager.&lt;&gt;c__DisplayClass17_0.&lt;&lt;FetchDeploy&gt;b__0&gt;d.MoveNext() in /tmp/KuduLite/Kudu.Core/Deployment/FetchDeploymentManager.cs:line 131
--- End of stack trace from previous location ---
   at Kudu.Core.Deployment.FetchDeploymentManager.FetchDeploy(DeploymentInfoBase deployInfo, Boolean asyncRequested, Uri requestUri, String targetBranch) in /tmp/KuduLite/Kudu.Core/Deployment/FetchDeploymentManager.cs:line 124
   at Kudu.Services.Deployment.PushDeploymentController.PushDeployAsync(ArtifactDeploymentInfo deploymentInfo, Boolean isAsync, HttpContext context, JObject requestJson) in /tmp/KuduLite/Kudu.Services/Deployment/PushDeploymentController.cs:line 802
   at Kudu.Services.Deployment.PushDeploymentController.OneDeploy(String type, Boolean async, String path, Nullable`1 restart, Nullable`1 clean, Boolean ignoreStack, Boolean trackDeploymentProgress, Boolean trackStatus, Boolean reset) in /tmp/KuduLite/Kudu.Services/Deployment/PushDeploymentController.cs:line 624
   at Microsoft.AspNetCore.Mvc.Infrastructure.ActionMethodExecutor.TaskOfIActionResultExecutor.Execute(ActionContext actionContext, IActionResultTypeMapper mapper, ObjectMethodExecutor executor, Object controller, Object[] arguments)
   at Microsoft.AspNetCore.Mvc.Infrastructure.ControllerActionInvoker.&lt;InvokeActionMethodAsync&gt;g__Awaited|12_0(ControllerActionInvoker invoker, ValueTask`1 actionResultValueTask)
   at Microsoft.AspNetCore.Mvc.Infrastructure.ControllerActionInvoker.&lt;InvokeNextActionFilterAsync&gt;g__Awaited|10_0(ControllerActionInvoker invoker, Task lastTask, State next, Scope scope, Object state, Boolean isCompleted)
   at Microsoft.AspNetCore.Mvc.Infrastructure.ControllerActionInvoker.Rethrow(ActionExecutedContextSealed context)
   at Microsoft.AspNetCore.Mvc.Infrastructure.ControllerActionInvoker.Next(State&amp; next, Scope&amp; scope, Object&amp; state, Boolean&amp; isCompleted)
   at Microsoft.AspNetCore.Mvc.Infrastructure.ControllerActionInvoker.&lt;InvokeInnerFilterAsync&gt;g__Awaited|13_0(ControllerActionInvoker invoker, Task lastTask, State next, Scope scope, Object state, Boolean isCompleted)
   at Microsoft.AspNetCore.Mvc.Infrastructure.ResourceInvoker.&lt;InvokeNextResourceFilter&gt;g__Awaited|25_0(ResourceInvoker invoker, Task lastTask, State next, Scope scope, Object state, Boolean isCompleted)
   at Microsoft.AspNetCore.Mvc.Infrastructure.ResourceInvoker.Rethrow(ResourceExecutedContextSealed context)
   at Microsoft.AspNetCore.Mvc.Infrastructure.ResourceInvoker.Next(State&amp; next, Scope&amp; scope, Object&amp; state, Boolean&amp; isCompleted)
   at Microsoft.AspNetCore.Mvc.Infrastructure.ResourceInvoker.&lt;InvokeFilterPipelineAsync&gt;g__Awaited|20_0(ResourceInvoker invoker, Task lastTask, State next, Scope scope, Object state, Boolean isCompleted)
   at Microsoft.AspNetCore.Mvc.Infrastructure.ResourceInvoker.&lt;InvokeAsync&gt;g__Awaited|17_0(ResourceInvoker invoker, Task task, IDisposable scope)
   at Microsoft.AspNetCore.Mvc.Infrastructure.ResourceInvoker.&lt;InvokeAsync&gt;g__Awaited|17_0(ResourceInvoker invoker, Task task, IDisposable scope)
   at Microsoft.AspNetCore.Builder.RouterMiddleware.Invoke(HttpContext httpContext)
   at Kudu.Services.Web.Tracing.TraceMiddleware.Invoke(HttpContext context) in /tmp/KuduLite/Kudu.Services.Web/Tracing/TraceMiddleware.cs:line 101" innerText="npm warn deprecated rimraf@3.0.2: Rimraf versions prior to v4 are no longer supported
npm warn deprecated inflight@1.0.6: This module is not supported, and leaks memory. Do not use it. Check out lru-cache if you want a good and tested way to coalesce async requests by a key value, which is much more comprehensive and powerful.
npm warn deprecated lodash.isequal@4.5.0: This package is deprecated. Use require(&apos;node:util&apos;).isDeepStrictEqual instead.
npm warn deprecated glob@7.1.7: Glob versions prior to v9 are no longer supported
npm warn deprecated @humanwhocodes/object-schema@2.0.3: Use @eslint/object-schema instead
npm warn deprecated rimraf@2.7.1: Rimraf versions prior to v4 are no longer supported
npm warn deprecated glob@7.2.3: Glob versions prior to v9 are no longer supported
npm warn deprecated @humanwhocodes/config-array@0.13.0: Use @eslint/config-array instead
npm warn deprecated fstream@1.0.12: This package is no longer supported.
npm warn deprecated eslint@8.57.1: This version is no longer supported. Please see https://eslint.org/version-support for other options.
npm notice
npm notice New major version of npm available! 10.8.2 -&gt; 11.7.0
npm notice Changelog: https://github.com/npm/cli/releases/tag/v11.7.0
npm notice To update run: npm install -g npm@11.7.0
npm notice

&gt; Build error occurred
Error: &gt; Couldn&apos;t find any `pages` or `app` directory. Please create one under the project root
    at findPagesDir (/tmp/8de37ca83a1ad56/node_modules/next/dist/lib/find-pages-dir.js:42:15)
    at /tmp/8de37ca83a1ad56/node_modules/next/dist/build/index.js:237:73
    at async Span.traceAsyncFn (/tmp/8de37ca83a1ad56/node_modules/next/dist/trace/trace.js:147:20)
    at async build (/tmp/8de37ca83a1ad56/node_modules/next/dist/build/index.js:187:29)
    at async main (/tmp/8de37ca83a1ad56/node_modules/next/dist/bin/next:157:5)
/bin/bash -c &quot;oryx build /tmp/zipdeploy/extracted -o /home/site/wwwroot --platform nodejs --platform-version 20 -p virtualenv_name= --log-file /tmp/build-debug.log  -i /tmp/8de37ca83a1ad56 -p compress_node_modules=tar-gz | tee /tmp/oryx-build.log ; exit $PIPESTATUS &quot;" innerStackTrace="   at Kudu.Core.Infrastructure.Executable.ExecuteInternal(ITracer tracer, Func`2 onWriteOutput, Func`2 onWriteError, CancellationToken token, Encoding encoding, String arguments, Object[] args) in /tmp/KuduLite/Kudu.Core/Infrastructure/Executable.cs:line 239
   at Kudu.Core.Infrastructure.Executable.ExecuteWithProgressWriter(ILogger logger, ITracer tracer, CancellationToken token, String arguments, Object[] args) in /tmp/KuduLite/Kudu.Core/Infrastructure/Executable.cs:line 118
   at Kudu.Core.Deployment.Generator.ExternalCommandBuilder.RunCommand(DeploymentContext context, String command, Boolean ignoreManifest, CancellationToken token, String message) in /tmp/KuduLite/Kudu.Core/Deployment/Generator/ExternalCommandBuilder.cs:line 122
   at Kudu.Core.Deployment.Generator.OryxBuilder.RunBuildCommand(IOryxArguments args, DeploymentContext context, CancellationToken token) in /tmp/KuduLite/Kudu.Core/Deployment/Generator/OryxBuilder.cs:line 295
   at Kudu.Core.Deployment.Generator.OryxBuilder.Build(DeploymentContext context, CancellationToken token) in /tmp/KuduLite/Kudu.Core/Deployment/Generator/OryxBuilder.cs:line 136
   at Kudu.Core.Deployment.DeploymentManager.Build(ChangeSet changeSet, ITracer tracer, IDisposable deployStep, IRepository repository, DeploymentInfoBase deploymentInfo, DeploymentAnalytics deploymentAnalytics, Boolean fullBuildByDefault, CancellationToken cancellationToken) in /tmp/KuduLite/Kudu.Core/Deployment/DeploymentManager.cs:line 771
   at Kudu.Core.Deployment.DeploymentManager.Build(ChangeSet changeSet, ITracer tracer, IDisposable deployStep, IRepository repository, DeploymentInfoBase deploymentInfo, DeploymentAnalytics deploymentAnalytics, Boolean fullBuildByDefault, CancellationToken cancellationToken) in /tmp/KuduLite/Kudu.Core/Deployment/DeploymentManager.cs:line 840
   at Kudu.Core.Deployment.DeploymentManager.DeployAsync(IRepository repository, ChangeSet changeSet, String deployer, Boolean clean, DeploymentInfoBase deploymentInfo, Boolean needFileUpdate, Boolean fullBuildByDefault) in /tmp/KuduLite/Kudu.Core/Deployment/DeploymentManager.cs:line 266" /><!-- duration: 41ms -->
      <step title="Incoming Request" date="2025-12-10T09:10:27.983" url="/Error?type=zip" method="POST" type="request" pid="833,1,19" Accept="*/*" Host="lims-preview-360.scm.azurewebsites.net" User-Agent="AZURECLI/2.80.0 (MSI)" Accept-Encoding="gzip, deflate" Authorization="Bea..." Cache-Control="no-cache" Content-Type="application/octet-stream" Cookie="ARRAffinity=220123e6e205079d6596b96940a643fd9ef5ed2296fb26a26a4eac0875cf97c5; ARRAffinitySameSite=220123e6e205079d6596b96940a643fd9ef5ed2296fb26a26a4eac0875cf97c5" Content-Length="301902" x-ms-client-request-id="91fd181e-d5a6-11f0-8d9b-f4a80dcb9cc7" x-ms-artifact-checksum="552b8a9436cfd3a515f4e7aeeafdafa574b6046fdf04858e042448dda0683d0c" X-ARR-LOG-ID="91fd181e-d5a6-11f0-8d9b-f4a80dcb9cc7" CLIENT-IP="197.231.173.251:58244" X-SITE-DEPLOYMENT-ID="lims-preview-360" WAS-DEFAULT-HOSTNAME="lims-preview-360.scm.azurewebsites.net" X-Forwarded-Proto="https" X-AppService-Proto="https" X-Forwarded-TlsVersion="1.3" X-WAWS-Unencoded-URL="/api/publish?type=zip" X-Client-IP="197.231.173.251" X-Client-Port="58244" >
        <step title="Outgoing response" date="2025-12-10T09:10:28.012" type="response" statusCode="400" statusText="BadRequest" /><!-- duration: 42ms -->
      </step><!-- duration: 101ms -->
