<step title="Incoming Request" date="2025-12-10T07:24:03.997" instance="74c5f4" url="/api/zipdeploy?isAsync=true" method="POST" type="request" pid="831,1,7" Accept="*/*" Host="lims-preview-360.scm.azurewebsites.net" User-Agent="AZURECLI/2.80.0 (MSI)" Accept-Encoding="gzip, deflate" Authorization="Bea..." Cache-Control="no-cache" Content-Type="application/octet-stream" Content-Length="6519785" x-ms-client-request-id="307b5276-d599-11f0-bb4a-f4a80dcb9cc7" x-ms-artifact-checksum="9f5b6cad5ec0dd20507605b067f5b0dcd257cecd55a63a3288d619b5fd0e4d80" X-ARR-LOG-ID="307b5276-d599-11f0-bb4a-f4a80dcb9cc7" CLIENT-IP="197.231.173.251:62716" X-SITE-DEPLOYMENT-ID="lims-preview-360" WAS-DEFAULT-HOSTNAME="lims-preview-360.scm.azurewebsites.net" X-Forwarded-Proto="https" X-AppService-Proto="https" X-Forwarded-TlsVersion="1.3" X-WAWS-Unencoded-URL="/api/zipdeploy?isAsync=true" X-Client-IP="197.231.173.251" X-Client-Port="62716" >
  <step title="ZipPushDeploy" date="2025-12-10T07:24:04.166" >
    <step title="ZipDeploy. Extract zip." date="2025-12-10T07:24:04.176" /><!-- duration: 5ms -->
    <step title="None repository commit" date="2025-12-10T07:24:04.195" >
      <step title="Commit id: 35eab24d-0e1d-48b3-b492-2e711bb086c6" date="2025-12-10T07:24:04.199" Message="N/A" AuthorName="N/A" AuthorEmail="N/A" /><!-- duration: 4ms -->
    </step><!-- duration: 12ms -->
    <step title="Starting PushDeployAsync" date="2025-12-10T07:24:04.212" /><!-- duration: 4ms -->
    <step title="Writing artifact to /tmp/zipdeploy/51044e31-1820-44e7-9a12-55d11a0f6973.zip" date="2025-12-10T07:24:04.237" >
      <step title="Writing multipart request body to /tmp/zipdeploy/51044e31-1820-44e7-9a12-55d11a0f6973.zip" date="2025-12-10T07:24:04.242" /><!-- duration: 4ms -->
    </step><!-- duration: 69ms -->
    <step title="Start deployment in the background" date="2025-12-10T07:24:04.319" >
      <step title="Acquiring Deployment Lock" date="2025-12-10T07:24:04.367" /><!-- duration: 9ms -->
      <step title="Acquired Deployment Lock" date="2025-12-10T07:24:04.439" /><!-- duration: 8ms -->
    </step><!-- duration: 248ms -->
  </step><!-- duration: 407ms -->
  <step title="Outgoing response" date="2025-12-10T07:24:04.583" type="response" statusCode="202" statusText="Accepted" /><!-- duration: 4ms -->
</step><!-- duration: 594ms -->
