<step title="Incoming Request" date="2025-12-10T08:40:46.225" instance="220123" url="/api/zipdeploy?isAsync=true" method="POST" type="request" pid="834,1,16" Accept="*/*" Host="lims-preview-360.scm.azurewebsites.net" User-Agent="AZURECLI/2.80.0 (MSI)" Accept-Encoding="gzip, deflate" Authorization="Bea..." Cache-Control="no-cache" Content-Type="application/octet-stream" Content-Length="116615227" x-ms-client-request-id="e863307d-d5a3-11f0-9a0e-f4a80dcb9cc7" x-ms-artifact-checksum="60030f26e99b7b78042f3598b6a07d6ec3a43b566e8d257dd679c8f5783c078d" X-ARR-LOG-ID="e863307d-d5a3-11f0-9a0e-f4a80dcb9cc7" CLIENT-IP="197.231.173.251:60603" X-SITE-DEPLOYMENT-ID="lims-preview-360" WAS-DEFAULT-HOSTNAME="lims-preview-360.scm.azurewebsites.net" X-Forwarded-Proto="https" X-AppService-Proto="https" X-Forwarded-TlsVersion="1.3" X-WAWS-Unencoded-URL="/api/zipdeploy?isAsync=true" X-Client-IP="197.231.173.251" X-Client-Port="60603" >
  <step title="Cleanup Xml Logs" date="2025-12-10T08:40:46.231" /><!-- duration: 11ms -->
  <step title="ZipPushDeploy" date="2025-12-10T08:40:46.846" >
    <step title="ZipDeploy. Extract zip." date="2025-12-10T08:40:46.861" /><!-- duration: 6ms -->
    <step title="None repository commit" date="2025-12-10T08:40:46.883" >
      <step title="Commit id: 0cf7af06-4dea-46d1-8ec9-7c76d3cf615c" date="2025-12-10T08:40:46.890" Message="N/A" AuthorName="N/A" AuthorEmail="N/A" /><!-- duration: 6ms -->
    </step><!-- duration: 19ms -->
    <step title="Starting PushDeployAsync" date="2025-12-10T08:40:46.908" /><!-- duration: 6ms -->
    <step title="Writing artifact to /tmp/zipdeploy/37d0b350-905a-48f5-a7ec-b448fbe05135.zip" date="2025-12-10T08:40:46.937" >
      <step title="Writing multipart request body to /tmp/zipdeploy/37d0b350-905a-48f5-a7ec-b448fbe05135.zip" date="2025-12-10T08:40:46.956" /><!-- duration: 9ms -->
    </step><!-- duration: 27073ms -->
    <step title="Start deployment in the background" date="2025-12-10T08:41:14.038" >
      <step title="Acquiring Deployment Lock" date="2025-12-10T08:41:14.093" /><!-- duration: 31ms -->
      <step title="Acquired Deployment Lock" date="2025-12-10T08:41:14.189" /><!-- duration: 10ms -->
    </step><!-- duration: 251ms -->
  </step><!-- duration: 27453ms -->
  <step title="Outgoing response" date="2025-12-10T08:41:14.327" type="response" statusCode="202" statusText="Accepted" /><!-- duration: 19ms -->
</step><!-- duration: 28127ms -->
