<step title="Incoming Request" date="2025-12-10T07:26:00.808" instance="74c5f4" url="/api/publish?type=zip&amp;clean=True" method="POST" type="request" pid="831,1,7" Accept="*/*" Host="lims-preview-360.scm.azurewebsites.net" User-Agent="AZURECLI/2.80.0 (MSI)" Accept-Encoding="gzip, deflate" Authorization="Bea..." Cache-Control="no-cache" Content-Type="application/octet-stream" Cookie="ARRAffinity=74c5f43bae859a4a1e09649954f57478f3ee52bdecbec6db3af75016b6cef784; ARRAffinitySameSite=74c5f43bae859a4a1e09649954f57478f3ee52bdecbec6db3af75016b6cef784" Content-Length="6519785" x-ms-client-request-id="7235d549-d599-11f0-93e3-f4a80dcb9cc7" x-ms-artifact-checksum="9f5b6cad5ec0dd20507605b067f5b0dcd257cecd55a63a3288d619b5fd0e4d80" X-ARR-LOG-ID="7235d549-d599-11f0-93e3-f4a80dcb9cc7" CLIENT-IP="197.231.173.251:65177" X-SITE-DEPLOYMENT-ID="lims-preview-360" WAS-DEFAULT-HOSTNAME="lims-preview-360.scm.azurewebsites.net" X-Forwarded-Proto="https" X-AppService-Proto="https" X-Forwarded-TlsVersion="1.3" X-WAWS-Unencoded-URL="/api/publish?type=zip&amp;clean=True" X-Client-IP="197.231.173.251" X-Client-Port="65177" >
  <step title="OneDeploy" date="2025-12-10T07:26:00.841" >
    <step title="None repository commit" date="2025-12-10T07:26:00.851" >
      <step title="Commit id: 81f3567d-5da9-4b8d-ae93-7b52d572bf18" date="2025-12-10T07:26:00.873" Message="N/A" AuthorName="N/A" AuthorEmail="N/A" /><!-- duration: 4ms -->
    </step><!-- duration: 30ms -->
    <step title="Starting PushDeployAsync" date="2025-12-10T07:26:00.885" /><!-- duration: 4ms -->
    <step title="WEBSITE_RUN_FROM_PACKAGE is set to 1. Writing zip to SitePackagesPath" date="2025-12-10T07:26:00.904" /><!-- duration: 4ms -->
    <step title="Copying zip to SitePackages /home/data/SitePackages/20251210072600.zip from request body" date="2025-12-10T07:26:00.923" /><!-- duration: 4ms -->
    <step title="Writing multipart request body to /home/data/SitePackages/20251210072600.zip" date="2025-12-10T07:26:00.931" /><!-- duration: 4ms -->
    <step title="Attempting to fetch target branch HEAD" date="2025-12-10T07:26:03.140" /><!-- duration: 6ms -->
    <step title="Acquiring Deployment Lock" date="2025-12-10T07:26:03.151" /><!-- duration: 4ms -->
    <step title="Acquired Deployment Lock" date="2025-12-10T07:26:03.245" /><!-- duration: 4ms -->
    <step title="Performing fetch based deployment" date="2025-12-10T07:26:03.264" >
      <step title="Creating temporary deployment" date="2025-12-10T07:26:03.274" /><!-- duration: 49ms -->
      <step title="Releasing Deployment Lock" date="2025-12-10T07:26:04.558" /><!-- duration: 8ms -->
      <step title="None repository commit" date="2025-12-10T07:26:04.592" >
        <step title="Commit id: 81f3567d-5da9-4b8d-ae93-7b52d572bf18" date="2025-12-10T07:26:04.596" Message="OneDeploy" AuthorName="N/A" AuthorEmail="N/A" /><!-- duration: 4ms -->
      </step><!-- duration: 11ms -->
      <step title="Deployment timer started" date="2025-12-10T07:26:06.608" >
        <step title="DeploymentManager.Deploy(id:81f3567d-5da9-4b8d-ae93-7b52d572bf18)" date="2025-12-10T07:26:06.614" >
          <step title="Collecting changeset information" date="2025-12-10T07:26:06.626" /><!-- duration: 98ms -->
          <step title="Updating submodules" date="2025-12-10T07:26:06.731" /><!-- duration: 1202ms -->
          <step title="Determining deployment builder" date="2025-12-10T07:26:08.200" >
            <step title="Builder is RunFromZipSiteBuilder" date="2025-12-10T07:26:08.208" /><!-- duration: 5ms -->
          </step><!-- duration: 17ms -->
          <step title="PreDeployment: context.CleanOutputPath False" date="2025-12-10T07:26:08.291" >
            <step title="PreDeployment: context.OutputPath /home/site/wwwroot" date="2025-12-10T07:26:08.448" >
              <step title="Building" date="2025-12-10T07:26:08.633" >
                <step title="Modified file to trigger a restart of the app container." date="2025-12-10T07:26:09.291" /><!-- duration: 5ms -->
                <step title="Skip function trigger and logicapp sync because function is not enabled." date="2025-12-10T07:26:09.306" /><!-- duration: 7ms -->
                <step title="Purge deployment items" date="2025-12-10T07:26:10.328" >
                  <step title="Remove 35eab24d-, Failed, received at 12/10/2025 07:24:10" date="2025-12-10T07:26:10.402" /><!-- duration: 4ms -->
                </step><!-- duration: 81ms -->
              </step><!-- duration: 1856ms -->
            </step><!-- duration: 2055ms -->
            <step title="Cleaning up temp files" date="2025-12-10T07:26:10.508" /><!-- duration: 4ms -->
            <step title="Cleaning up temp files" date="2025-12-10T07:26:10.517" /><!-- duration: 505ms -->
            <step title="Reloading status file with latest updates" date="2025-12-10T07:26:11.088" >
              <step title="WebHooksManager.PublishEventAsync: PostDeployment" date="2025-12-10T07:26:11.092" /><!-- duration: 35ms -->
            </step><!-- duration: 42ms -->
            <step title="Cleaning up temporary deployment - fetch deployment was successful" date="2025-12-10T07:26:11.136" /><!-- duration: 3ms -->
          </step><!-- duration: 2975ms -->
        </step><!-- duration: 4658ms -->
        <step title="Outgoing response" date="2025-12-10T07:26:11.287" type="response" statusCode="200" statusText="OK" /><!-- duration: 3ms -->
      </step><!-- duration: 4685ms -->
