<step title="Incoming Request" date="2025-12-10T08:00:36.239" instance="220123" url="/api/publish?type=zip" method="POST" type="request" pid="837,1,23" Accept="*/*" Host="lims-preview-360.scm.azurewebsites.net" User-Agent="AZURECLI/2.80.0 (MSI)" Accept-Encoding="gzip, deflate" Authorization="Bea..." Cache-Control="no-cache" Content-Type="application/octet-stream" Cookie="ARRAffinity=220123e6e205079d6596b96940a643fd9ef5ed2296fb26a26a4eac0875cf97c5; ARRAffinitySameSite=220123e6e205079d6596b96940a643fd9ef5ed2296fb26a26a4eac0875cf97c5" Content-Length="116615173" x-ms-client-request-id="3d51380c-d59e-11f0-9bf0-f4a80dcb9cc7" x-ms-artifact-checksum="296183c5f35831964e26b0611002e583f1d7a2f0a9532f897ecc6879d38f3e3c" X-ARR-LOG-ID="3d51380c-d59e-11f0-9bf0-f4a80dcb9cc7" CLIENT-IP="197.231.173.251:50848" X-SITE-DEPLOYMENT-ID="lims-preview-360" WAS-DEFAULT-HOSTNAME="lims-preview-360.scm.azurewebsites.net" X-Forwarded-Proto="https" X-AppService-Proto="https" X-Forwarded-TlsVersion="1.3" X-WAWS-Unencoded-URL="/api/publish?type=zip" X-Client-IP="197.231.173.251" X-Client-Port="50848" >
  <step title="Cleanup Xml Logs" date="2025-12-10T08:00:36.301" /><!-- duration: 111ms -->
  <step title="OneDeploy" date="2025-12-10T08:00:37.359" >
    <step title="None repository commit" date="2025-12-10T08:00:37.652" >
      <step title="Commit id: c95ff858-043a-403c-81c5-5a992cddeff7" date="2025-12-10T08:00:37.674" Message="N/A" AuthorName="N/A" AuthorEmail="N/A" /><!-- duration: 47ms -->
    </step><!-- duration: 109ms -->
    <step title="Starting PushDeployAsync" date="2025-12-10T08:00:37.913" /><!-- duration: 90ms -->
    <step title="WEBSITE_RUN_FROM_PACKAGE is set to 1. Writing zip to SitePackagesPath" date="2025-12-10T08:00:38.251" /><!-- duration: 32ms -->
    <step title="Copying zip to SitePackages /home/data/SitePackages/20251210080037.zip from request body" date="2025-12-10T08:00:38.355" /><!-- duration: 39ms -->
    <step title="Writing multipart request body to /home/data/SitePackages/20251210080037.zip" date="2025-12-10T08:00:38.462" /><!-- duration: 52ms -->
    <step title="Attempting to fetch target branch HEAD" date="2025-12-10T08:01:07.842" /><!-- duration: 40ms -->
    <step title="Acquiring Deployment Lock" date="2025-12-10T08:01:07.932" /><!-- duration: 78ms -->
    <step title="Acquired Deployment Lock" date="2025-12-10T08:01:08.735" /><!-- duration: 29ms -->
    <step title="Performing fetch based deployment" date="2025-12-10T08:01:08.866" >
      <step title="Creating temporary deployment" date="2025-12-10T08:01:08.966" /><!-- duration: 511ms -->
      <step title="Releasing Deployment Lock" date="2025-12-10T08:01:11.626" /><!-- duration: 61ms -->
      <step title="None repository commit" date="2025-12-10T08:01:12.371" >
        <step title="Commit id: c95ff858-043a-403c-81c5-5a992cddeff7" date="2025-12-10T08:01:12.435" Message="OneDeploy" AuthorName="N/A" AuthorEmail="N/A" /><!-- duration: 20ms -->
      </step><!-- duration: 104ms -->
      <step title="Deployment timer started" date="2025-12-10T08:01:14.514" >
        <step title="DeploymentManager.Deploy(id:c95ff858-043a-403c-81c5-5a992cddeff7)" date="2025-12-10T08:01:14.544" >
          <step title="Collecting changeset information" date="2025-12-10T08:01:14.705" /><!-- duration: 288ms -->
          <step title="Updating submodules" date="2025-12-10T08:01:15.032" /><!-- duration: 1372ms -->
          <step title="Determining deployment builder" date="2025-12-10T08:01:17.081" >
            <step title="Builder is RunFromZipSiteBuilder" date="2025-12-10T08:01:17.146" /><!-- duration: 20ms -->
          </step><!-- duration: 114ms -->
          <step title="PreDeployment: context.CleanOutputPath False" date="2025-12-10T08:01:17.356" >
            <step title="PreDeployment: context.OutputPath /home/site/wwwroot" date="2025-12-10T08:01:17.768" >
              <step title="Building" date="2025-12-10T08:01:18.151" >
                <step title="Modified file to trigger a restart of the app container." date="2025-12-10T08:01:19.500" /><!-- duration: 17ms -->
                <step title="Skip function trigger and logicapp sync because function is not enabled." date="2025-12-10T08:01:19.540" /><!-- duration: 27ms -->
              </step><!-- duration: 4270ms -->
            </step><!-- duration: 4692ms -->
            <step title="Cleaning up temp files" date="2025-12-10T08:01:22.481" /><!-- duration: 30ms -->
            <step title="Cleaning up temp files" date="2025-12-10T08:01:22.532" /><!-- duration: 545ms -->
            <step title="Reloading status file with latest updates" date="2025-12-10T08:01:23.239" >
              <step title="WebHooksManager.PublishEventAsync: PostDeployment" date="2025-12-10T08:01:23.296" /><!-- duration: 651ms -->
            </step><!-- duration: 770ms -->
            <step title="Cleaning up temporary deployment - fetch deployment was successful" date="2025-12-10T08:01:24.088" /><!-- duration: 89ms -->
          </step><!-- duration: 7185ms -->
        </step><!-- duration: 10049ms -->
        <step title="Outgoing response" date="2025-12-10T08:01:24.713" type="response" statusCode="200" statusText="OK" /><!-- duration: 22ms -->
      </step><!-- duration: 10237ms -->
