<step title="Incoming Request" date="2025-12-10T09:21:37.400" instance="220123" url="/api/publish?type=zip" method="POST" type="request" pid="837,1,17" Accept="*/*" Host="lims-preview-360.scm.azurewebsites.net" User-Agent="AZURECLI/2.80.0 (MSI)" Accept-Encoding="gzip, deflate" Authorization="Bea..." Cache-Control="no-cache" Content-Type="application/octet-stream" Cookie="ARRAffinity=220123e6e205079d6596b96940a643fd9ef5ed2296fb26a26a4eac0875cf97c5; ARRAffinitySameSite=220123e6e205079d6596b96940a643fd9ef5ed2296fb26a26a4eac0875cf97c5" Content-Length="6520058" x-ms-client-request-id="90951af0-d5a9-11f0-84f2-f4a80dcb9cc7" x-ms-artifact-checksum="f9030fa3f64af0bfd0055545117b39c1f6cc147a02cf6c2f690b87c4db907656" X-ARR-LOG-ID="90951af0-d5a9-11f0-84f2-f4a80dcb9cc7" CLIENT-IP="197.231.173.251:58696" X-SITE-DEPLOYMENT-ID="lims-preview-360" WAS-DEFAULT-HOSTNAME="lims-preview-360.scm.azurewebsites.net" X-Forwarded-Proto="https" X-AppService-Proto="https" X-Forwarded-TlsVersion="1.3" X-WAWS-Unencoded-URL="/api/publish?type=zip" X-Client-IP="197.231.173.251" X-Client-Port="58696" >
  <step title="Cleanup Xml Logs" date="2025-12-10T09:21:37.452" /><!-- duration: 209ms -->
  <step title="OneDeploy" date="2025-12-10T09:21:37.895" >
    <step title="Starting PushDeployAsync" date="2025-12-10T09:21:38.033" /><!-- duration: 30ms -->
    <step title="Writing artifact to /tmp/zipdeploy/d2766731-5e09-4209-8663-797d1c80d6b2.zip" date="2025-12-10T09:21:38.143" >
      <step title="Writing multipart request body to /tmp/zipdeploy/d2766731-5e09-4209-8663-797d1c80d6b2.zip" date="2025-12-10T09:21:38.196" /><!-- duration: 48ms -->
    </step><!-- duration: 2977ms -->
    <step title="Attempting to fetch target branch HEAD" date="2025-12-10T09:21:41.515" /><!-- duration: 50ms -->
    <step title="Acquiring Deployment Lock" date="2025-12-10T09:21:41.666" /><!-- duration: 49ms -->
    <step title="Acquired Deployment Lock" date="2025-12-10T09:21:41.945" /><!-- duration: 18ms -->
    <step title="Performing fetch based deployment" date="2025-12-10T09:21:42.042" >
      <step title="Creating temporary deployment" date="2025-12-10T09:21:42.064" /><!-- duration: 554ms -->
      <step title="Releasing Deployment Lock" date="2025-12-10T09:21:44.888" /><!-- duration: 31ms -->
      <step title="Cleaning up temp folders from previous zip deployments and extracting pushed zip file /tmp/zipdeploy/d2766731-5e09-4209-8663-797d1c80d6b2.zip (6.22 MB) to /tmp/zipdeploy/extracted" date="2025-12-10T09:21:45.200" 