﻿<?xml version="1.0" encoding="utf-8"?>
<deployment>
  <id>df6ed735-486e-42e9-aac6-6afbf2179fa7</id>
  <author>N/A</author>
  <deployer>OneDeploy</deployer>
  <authorEmail>N/A</authorEmail>
  <message>OneDeploy</message>
  <progress></progress>
  <status>Failed</status>
  <statusText>Deployment has been stopped due to SCM container restart. The restart can happen due to a management operation on site. Do not perform a management operation and a deployment operation in quick succession. Adding a small delay can help avoid any conflicts.</statusText>
  <lastSuccessEndTime />
  <receivedTime>2025-12-10T09:18:58.0557336Z</receivedTime>
  <startTime>2025-12-10T09:19:00.4408535Z</startTime>
  <endTime>2025-12-10T09:21:36.6633735Z</endTime>
  <complete>True</complete>
  <is_temp>False</is_temp>
  <is_readonly>True</is_readonly>
  <buildSummary />
</deployment>